date,actual,xgboost,lstm,naive
2023-01-01,16625.08,16546.51,16557.25,16547.5
2023-01-02,16688.47,16624.09,16634.69,16625.08
2023-01-03,16679.86,16687.32,16698.09,16688.47
2023-01-04,16863.24,16678.87,16689.64,16679.86
2023-01-05,16836.74,16862.24,16873.4,16863.24
2023-01-06,16951.97,16849.33,16847.46,16836.74
2023-01-07,16955.08,16957.62,16963.4,16951.97
2023-01-08,17091.14,16965.91,16967.27,16955.08
2023-01-09,17196.55,17085.93,17104.17,17091.14
2023-01-10,17446.29,17207.54,17210.49,17196.55
2023-01-11,17934.9,17459.07,17461.31,17446.29
2023-01-12,18869.59,17945.73,17951.39,17934.9
2023-01-13,19909.57,18889.31,18888.2,18869.59
2023-01-14,20976.3,19938.69,19931.76,19909.57
2023-01-15,20880.8,21032.19,21004.1,20976.3
2023-01-16,21169.63,20934.15,20916.41,20880.8
2023-01-17,21161.52,21205.63,21212.82,21169.63
2023-01-18,20688.78,21211.32,21210.82,21161.52
2023-01-19,21086.79,20725.11,20741.08,20688.78
2023-01-20,22676.55,21115.05,21141.54,21086.79
2023-01-21,22777.62,22736.75,22734.17,22676.55
2023-01-22,22720.42,22837.35,22837.23,22777.62
2023-01-23,22934.43,22776.7,22781.7,22720.42
2023-01-24,22636.47,22976.82,22997.19,22934.43
2023-01-25,23117.86,22697.3,22698.5,22636.47
2023-01-26,23032.78,23165.08,23179.82,23117.86
2023-01-27,23078.73,23034.93,23092.89,23032.78
2023-01-28,23031.09,23134.06,23136.69,23078.73
2023-01-29,23774.57,23086.34,23086.23,23031.09
2023-01-30,22840.14,23754.71,23828.21,23774.57
2023-01-31,23139.28,22780.55,22889.07,22840.14
2023-02-01,23723.77,23136.25,23185.69,23139.28
2023-02-02,23471.87,23781.73,23768.15,23723.77
2023-02-03,23449.32,23489.16,23513.59,23471.87
2023-02-04,23331.85,23480.29,23488.87,23449.32
2023-02-05,22955.67,23325.23,23369.06,23331.85
2023-02-06,22760.11,22991.29,22989.86,22955.67
2023-02-07,23264.29,22852.04,22791.18,22760.11
2023-02-08,22939.4,23344.08,23293.03,23264.29
2023-02-09,21819.04,23061.36,22965.43,22939.4
2023-02-10,21651.18,21781.73,21840.81,21819.04
2023-02-11,21870.88,21649.1,21669.5,21651.18
2023-02-12,21788.2,21835.22,21885.95,21870.88
2023-02-13,21808.1,21766.03,21800.25,21788.2
2023-02-14,22220.8,21801.45,21817.81,21808.1
2023-02-15,24307.84,22176.99,22229.02,22220.8
2023-02-16,23623.47,24327.61,24314.38,24307.84
2023-02-17,24565.6,23659.32,23633.81,23623.47
2023-02-18,24641.28,24607.38,24580.27,24565.6
2023-02-19,24327.64,24707.66,24661.8,24641.28
2023-02-20,24829.15,24342.61,24353.56,24327.64
2023-02-21,24436.35,24832.97,24859.76,24829.15
2023-02-22,24188.84,24440.11,24470.08,24436.35
2023-02-23,23947.49,24187.91,24224.18,24188.84
2023-02-24,23198.13,23958.99,23982.82,23947.49
2023-02-25,23175.38,23141.31,23230.9,23198.13
2023-02-26,23561.21,23138.02,23205.49,23175.38
2023-02-27,23522.87,23579.83,23588.68,23561.21
2023-02-28,23147.35,23501.25,23547.6,23522.87
2023-03-01,23646.55,23102.74,23169.32,23147.35
2023-03-02,23475.47,23637.78,23666.73,23646.55
2023-03-03,22362.68,23502.69,23494.16,23475.47
2023-03-04,22353.35,22371.86,22378.74,22362.68
2023-03-05,22435.51,22337.6,22367.36,22353.35
2023-03-06,22429.76,22386.78,22447.35,22435.51
2023-03-07,22219.77,22440.87,22439.66,22429.76
2023-03-08,21718.08,22209.59,22228.07,22219.77
2023-03-09,20363.02,21691.88,21724.71,21718.08
2023-03-10,20187.24,20379.92,20366.44,20363.02
2023-03-11,20632.41,20168.68,20187.86,20187.24
2023-03-12,22163.95,20595.03,20630.19,20632.41
2023-03-13,24197.53,22174.0,22158.71,22163.95
2023-03-14,24746.07,24204.64,24190.69,24197.53
2023-03-15,24375.96,24768.86,24745.39,24746.07
2023-03-16,25052.79,24403.52,24384.99,24375.96
2023-03-17,27423.93,25147.75,25070.78,25052.79
2023-03-18,26965.88,27499.89,27449.24,27423.93
2023-03-19,28038.68,26991.47,27003.21,26965.88
2023-03-20,27767.24,28041.65,28087.41,28038.68
2023-03-21,28175.82,27845.96,27826.03,27767.24
2023-03-22,27307.44,28174.18,28243.03,28175.82
2023-03-23,28333.97,27319.48,27377.76,27307.44
2023-03-24,27493.29,28336.98,28408.23,28333.97
2023-03-25,27494.71,27626.4,27565.66,27493.29
2023-03-26,27994.33,27498.06,27565.14,27494.71
2023-03-27,27139.89,28085.05,28062.65,27994.33
2023-03-28,27268.13,27158.47,27202.22,27139.89
2023-03-29,28348.44,27271.47,27326.0,27268.13
2023-03-30,28033.56,28456.4,28403.34,28348.44
2023-03-31,28478.48,28090.36,28084.56,28033.56
2023-04-01,28411.04,28514.92,28527.37,28478.48
2023-04-02,28199.31,28482.36,28457.84,28411.04
2023-04-03,27790.22,28235.39,28244.01,28199.31
2023-04-04,28168.09,27826.22,27832.14,27790.22
2023-04-05,28177.98,28186.83,28207.94,28168.09
2023-04-06,28044.14,28359.65,28215.53,28177.98
2023-04-07,27925.86,28162.35,28079.42,28044.14
2023-04-08,27947.79,28056.74,27958.91,27925.86
2023-04-09,28333.05,28044.03,27978.8,27947.79
2023-04-10,29652.98,28392.17,28362.58,28333.05
2023-04-11,30235.06,29561.07,29682.19,29652.98
2023-04-12,30139.05,30324.45,30266.09,30235.06
2023-04-13,30399.07,30211.95,30173.31,30139.05
2023-04-14,30485.7,30437.96,30436.97,30399.07
2023-04-15,30318.5,30556.98,30526.91,30485.7
2023-04-16,30315.36,30356.91,30362.0,30318.5
2023-04-17,29445.04,30316.4,30360.22,30315.36
2023-04-18,30397.55,29441.01,29488.47,29445.04
2023-04-19,28822.68,30403.96,30440.68,30397.55
2023-04-20,28245.99,28930.4,28861.24,28822.68
2023-04-21,27276.91,28209.42,28280.23,28245.99
2023-04-22,27817.5,27257.67,27304.72,27276.91
2023-04-23,27591.38,27778.92,27840.47,27817.5
2023-04-24,27525.34,27551.02,27609.18,27591.38
2023-04-25,28307.6,27479.57,27538.89,27525.34
2023-04-26,28422.7,28274.48,28318.19,28307.6
2023-04-27,29473.79,28423.49,28432.13,28422.7
2023-04-28,29340.26,29490.81,29483.44,29473.79
2023-04-29,29248.49,29348.82,29352.65,29340.26
2023-04-30,29268.81,29237.18,29264.25,29248.49
2023-05-01,28091.57,29257.95,29287.79,29268.81
2023-05-02,28680.54,28061.79,28111.79,28091.57
2023-05-03,29006.31,28669.9,28701.79,28680.54
2023-05-04,28847.71,29049.27,29028.17,29006.31
2023-05-05,29534.38,28856.7,28870.08,28847.71
2023-05-06,28904.62,29512.97,29557.68,29534.38
2023-05-07,28454.98,28914.08,28928.61,28904.62
2023-05-08,27694.27,28441.92,28478.99,28454.98
2023-05-09,27658.78,27752.72,27716.68,27694.27
2023-05-10,27621.76,27665.3,27679.21,27658.78
2023-05-11,27000.79,27565.52,27639.77,27621.76
2023-05-12,26804.99,26916.17,27015.74,27000.79
2023-05-13,26784.08,26738.82,26817.03,26804.99
2023-05-14,26930.64,26715.31,26793.39,26784.08
2023-05-15,27192.69,26850.21,26937.76,26930.64
2023-05-16,27036.65,27186.49,27198.5,27192.69
2023-05-17,27398.8,27043.72,27042.11,27036.65
2023-05-18,26832.21,27388.21,27404.59,27398.8
2023-05-19,26890.13,26835.2,26838.88,26832.21
2023-05-20,27129.59,26879.73,26897.62,26890.13
2023-05-21,26753.83,27149.06,27137.97,27129.59
2023-05-22,26851.28,26768.29,26763.13,26753.83
2023-05-23,27225.73,26840.89,26861.4,26851.28
2023-05-24,26334.82,27212.36,27236.77,27225.73
2023-05-25,26476.21,26350.5,26346.38,26334.82
2023-05-26,26719.29,26465.97,26488.12,26476.21
2023-05-27,26868.35,26754.52,26731.4,26719.29
2023-05-28,28085.65,26865.4,26880.94,26868.35
2023-05-29,27745.88,28082.11,28099.17,28085.65
2023-05-30,27702.35,27755.61,27762.24,27745.88
2023-05-31,27219.66,27681.5,27721.73,27702.35
2023-06-01,26819.97,27206.29,27241.17,27219.66
2023-06-02,27249.59,26824.53,26842.33,26819.97
2023-06-03,27075.13,27258.36,27272.38,27249.59
2023-06-04,27119.07,27078.16,27097.72,27075.13
2023-06-05,25760.1,27106.95,27141.37,27119.07
2023-06-06,27238.78,25683.38,25779.86,25760.1
2023-06-07,26346.0,27219.86,27257.47,27238.78
2023-06-08,26508.22,26425.25,26363.3,26346.0
2023-06-09,26480.38,26489.0,26524.9,26508.22
2023-06-10,25851.24,26503.76,26496.5,26480.38
2023-06-11,25940.17,25799.68,25866.28,25851.24
2023-06-12,25902.5,25913.93,25954.23,25940.17
2023-06-13,25918.73,25914.94,25915.5,25902.5
2023-06-14,25124.68,25864.25,25930.86,25918.73
2023-06-15,25576.39,25016.02,25135.41,25124.68
2023-06-16,26327.46,25556.41,25586.11,25576.39
2023-06-17,26510.68,26367.63,26336.66,26327.46
2023-06-18,26336.21,26521.48,26520.86,26510.68
2023-06-19,26851.03,26344.42,26348.27,26336.21
2023-06-20,28327.49,26832.75,26865.26,26851.03
2023-06-21,30027.3,28334.83,28344.28,28327.49
2023-06-22,29912.28,30055.79,30048.69,30027.3
2023-06-23,30695.47,29943.43,29942.59,29912.28
2023-06-24,30548.7,30693.68,30735.11,30695.47
2023-06-25,30480.26,30565.48,30597.24,30548.7
2023-06-26,30271.13,30486.2,30535.81,30480.26
2023-06-27,30688.16,30266.84,30330.96,30271.13
2023-06-28,30086.25,30675.31,30750.92,30688.16
2023-06-29,30445.35,30103.78,30148.33,30086.25
2023-06-30,30477.25,30449.65,30506.81,30445.35
2023-07-01,30590.08,30555.45,30536.64,30477.25
2023-07-02,30620.77,30596.03,30647.07,30590.08
2023-07-03,31156.44,30622.01,30675.05,30620.77
2023-07-04,30777.58,31158.61,31208.81,31156.44
2023-07-05,30514.17,30806.33,30827.21,30777.58
2023-07-06,29909.34,30535.23,30560.99,30514.17
2023-07-07,30342.27,29903.33,29952.14,29909.34
2023-07-08,30292.54,30348.66,30382.06,30342.27
2023-07-09,30171.23,30376.86,30329.01,30292.54
2023-07-10,30414.47,30174.94,30204.67,30171.23
2023-07-11,30620.95,30419.84,30445.59,30414.47
2023-07-12,30391.65,30648.79,30650.41,30620.95
2023-07-13,31476.05,30412.82,30419.72,30391.65
2023-07-14,30334.07,31608.07,31503.9,31476.05
2023-07-15,30295.81,30400.25,30361.3,30334.07
2023-07-16,30249.13,30305.83,30322.81,30295.81
2023-07-17,30145.89,30305.27,30275.41,30249.13
2023-07-18,29856.56,30152.24,30171.11,30145.89
2023-07-19,29913.92,29862.85,29880.31,29856.56
2023-07-20,29792.02,29912.39,29936.23,29913.92
2023-07-21,29908.74,29719.44,29812.8,29792.02
2023-07-22,29771.8,29897.65,29928.32,29908.74
2023-07-23,30084.54,29760.76,29790.34,29771.8
2023-07-24,29176.92,30063.2,30102.55,30084.54
2023-07-25,29227.39,29173.2,29193.87,29176.92
2023-07-26,29354.97,29216.09,29243.45,29227.39
2023-07-27,29210.69,29369.91,29370.08,29354.97
2023-07-28,29319.25,29214.29,29224.97,29210.69
2023-07-29,29356.92,29308.37,29333.02,29319.25
2023-07-30,29275.31,29346.03,29370.52,29356.92
2023-07-31,29230.11,29258.77,29289.03,29275.31
2023-08-01,29675.73,29219.27,29244.09,29230.11
2023-08-02,29151.96,29664.73,29690.29,29675.73
2023-08-03,29178.68,29164.67,29167.19,29151.96
2023-08-04,29074.09,29157.52,29194.52,29178.68
2023-08-05,29042.13,29097.06,29090.26,29074.09
2023-08-06,29041.86,29019.43,29058.46,29042.13
2023-08-07,29180.58,29036.83,29058.25,29041.86
2023-08-08,29765.49,29172.98,29197.15,29180.58
2023-08-09,29561.49,29756.93,29782.71,29765.49
2023-08-10,29429.59,29571.17,29579.94,29561.49
2023-08-11,29397.71,29408.25,29449.31,29429.59
2023-08-12,29415.96,29345.56,29418.45,29397.71
2023-08-13,29282.91,29408.76,29437.43,29415.96
2023-08-14,29408.44,29277.85,29304.74,29282.91
2023-08-15,29170.35,29388.71,29430.52,29408.44
2023-08-16,28701.78,29179.72,29192.3,29170.35
2023-08-17,26664.55,28696.81,28722.92,28701.78
2023-08-18,26049.56,26639.1,26681.0,26664.55
2023-08-19,26096.21,26032.1,26061.68,26049.56
2023-08-20,26189.58,26063.31,26103.73,26096.21
2023-08-21,26124.14,26138.13,26192.58,26189.58
2023-08-22,26031.66,26106.39,26123.4,26124.14
2023-08-23,26431.64,26059.19,26028.23,26031.66
2023-08-24,26162.37,26456.4,26426.52,26431.64
2023-08-25,26047.67,26170.94,26157.11,26162.37
2023-08-26,26008.46,26037.59,26042.92,26047.67
2023-08-27,26089.69,25995.69,26004.62,26008.46
2023-08-28,26106.15,26069.31,26087.05,26089.69
2023-08-29,27727.39,26096.47,26105.07,26106.15
2023-08-30,27297.27,27714.69,27727.23,27727.39
2023-08-31,25931.47,27307.98,27301.81,27297.27
2023-09-01,25800.72,25934.34,25939.66,25931.47
2023-09-02,25868.8,25821.11,25811.19,25800.72
2023-09-03,25969.57,25873.31,25880.32,25868.8
2023-09-04,25812.42,25957.58,25981.55,25969.57
2023-09-05,25779.98,25790.26,25824.55,25812.42
2023-09-06,25753.24,25714.67,25792.12,25779.98
2023-09-07,26240.2,25777.76,25765.32,25753.24
2023-09-08,25905.65,26230.47,26252.5,26240.2
2023-09-09,25895.68,25914.13,25918.56,25905.65
2023-09-10,25832.23,25876.9,25909.25,25895.68
2023-09-11,25162.65,25819.54,25846.34,25832.23
2023-09-12,25833.34,25140.46,25176.5,25162.65
2023-09-13,26228.32,25823.76,25847.07,25833.34
2023-09-14,26539.67,26267.38,26242.4,26228.32
2023-09-15,26608.69,26553.39,26555.02,26539.67
2023-09-16,26568.28,26625.23,26626.03,26608.69
2023-09-17,26534.19,26554.5,26587.79,26568.28
2023-09-18,26754.28,26519.2,26555.63,26534.19
2023-09-19,27211.12,26742.02,26777.44,26754.28
2023-09-20,27132.01,27217.65,27236.07,27211.12
2023-09-21,26567.63,27131.2,27158.72,27132.01
2023-09-22,26579.57,26546.51,26595.12,26567.63
2023-09-23,26579.39,26569.71,26607.34,26579.57
2023-09-24,26256.83,26600.39,26606.75,26579.39
2023-09-25,26298.48,26247.09,26282.96,26256.83
2023-09-26,26217.25,26276.8,26323.28,26298.48
2023-09-27,26352.72,26192.12,26240.46,26217.25
2023-09-28,27021.55,26348.19,26374.58,26352.72
2023-09-29,26911.72,27032.98,27042.75,27021.55
2023-09-30,26967.92,26923.46,26933.03,26911.72
2023-10-01,27983.75,26962.83,26989.85,26967.92
2023-10-02,27530.79,27984.88,28006.96,27983.75
2023-10-03,27429.98,27546.97,27555.96,27530.79
2023-10-04,27799.39,27419.37,27457.02,27429.98
2023-10-05,27415.91,27857.32,27828.13,27799.39
2023-10-06,27946.6,27424.89,27445.48,27415.91
2023-10-07,27968.84,27952.04,27977.16,27946.6
2023-10-08,27935.09,27969.06,28000.12,27968.84
2023-10-09,27583.68,27940.53,27966.9,27935.09
2023-10-10,27391.02,27573.45,27615.22,27583.68
2023-10-11,26873.32,27367.65,27421.68,27391.02
2023-10-12,26756.8,26869.85,26901.84,26873.32
2023-10-13,26862.38,26744.54,26782.89,26756.8
2023-10-14,26861.71,26898.13,26885.96,26862.38
2023-10-15,27159.65,26847.22,26882.92,26861.71
2023-10-16,28519.47,27149.58,27179.17,27159.65
2023-10-17,28415.75,28551.58,28538.29,28519.47
2023-10-18,28328.34,28436.65,28436.26,28415.75
2023-10-19,28719.81,28317.39,28351.39,28328.34
2023-10-20,29682.95,28697.37,28745.65,28719.81
2023-10-21,29918.41,29713.17,29712.05,29682.95
2023-10-22,29993.9,29948.02,29951.71,29918.41
2023-10-23,33086.23,30020.69,30031.51,29993.9
2023-10-24,33901.53,33128.57,33127.57,33086.23
2023-10-25,34502.82,33971.41,33951.61,33901.53
2023-10-26,34156.65,34584.14,34564.07,34502.82
2023-10-27,33909.8,34231.48,34228.28,34156.65
2023-10-28,34089.57,33953.19,33989.04,33909.8
2023-10-29,34538.48,34130.63,34173.85,34089.57
2023-10-30,34502.36,34606.66,34625.72,34538.48
2023-10-31,34667.78,34719.77,34589.79,34502.36
2023-11-01,35437.25,34832.22,34754.21,34667.78
2023-11-02,34938.24,35634.9,35522.93,35437.25
2023-11-03,34732.32,35159.98,35020.38,34938.24
2023-11-04,35082.2,34897.07,34810.56,34732.32
2023-11-05,35049.36,35248.84,35156.9,35082.2
2023-11-06,35037.37,35271.8,35119.67,35049.36
2023-11-07,35443.56,35205.12,35103.31,35037.37
2023-11-08,35655.28,35609.14,35505.97,35443.56
2023-11-09,36693.12,35878.47,35714.5,35655.28
2023-11-10,37313.97,36870.8,36750.95,36693.12
2023-11-11,37138.05,37354.94,37371.74,37313.97
2023-11-12,37054.52,37201.53,37196.31,37138.05
2023-11-13,36502.36,37131.17,37113.33,37054.52
2023-11-14,35537.64,36643.24,36560.14,36502.36
2023-11-15,37880.58,35597.0,35591.83,35537.64
2023-11-16,36154.77,37988.64,37933.91,37880.58
2023-11-17,36596.68,36323.75,36204.02,36154.77
2023-11-18,36585.7,36643.51,36644.46,36596.68
2023-11-19,37386.55,36713.0,36631.47,36585.7
2023-11-20,37476.96,37434.38,37431.33,37386.55
2023-11-21,35813.81,37548.06,37521.21,37476.96
2023-11-22,37432.34,35873.7,35854.99,35813.81
2023-11-23,37289.62,37455.83,37473.01,37432.34
2023-11-24,37720.28,37399.77,37329.55,37289.62
2023-11-25,37796.79,37727.62,37760.51,37720.28
2023-11-26,37479.12,37824.42,37837.69,37796.79
2023-11-27,37254.17,37486.42,37520.38,37479.12
2023-11-28,37831.09,37241.99,37295.22,37254.17
2023-11-29,37858.49,37825.48,37872.11,37831.09
2023-11-30,37712.75,37875.72,37899.3,37858.49
2023-12-01,38688.75,37716.4,37753.2,37712.75
2023-12-02,39476.33,38696.9,38729.67,38688.75
2023-12-03,39978.39,39508.91,39518.77,39476.33
2023-12-04,41980.1,40039.59,40023.71,39978.39
2023-12-05,44080.65,42073.81,42029.8,41980.1
2023-12-06,43746.45,44187.42,44137.63,44080.65
2023-12-07,43292.66,43844.12,43814.03,43746.45
2023-12-08,44166.6,43348.06,43369.63,43292.66
2023-12-09,43725.98,44219.95,44251.92,44166.6
2023-12-10,43779.7,43798.97,43815.87,43725.98
2023-12-11,41243.83,43784.34,43872.09,43779.7
2023-12-12,41450.22,41237.92,41328.65,41243.83
2023-12-13,42890.74,41435.97,41530.37,41450.22
2023-12-14,43023.97,42981.49,42966.59,42890.74
2023-12-15,41929.76,43131.85,43094.49,43023.97
2023-12-16,42240.12,41919.77,41993.57,41929.76
2023-12-17,41364.66,42241.05,42299.25,42240.12
2023-12-18,42623.54,41346.48,41417.41,41364.66
2023-12-19,42270.53,42629.56,42672.5,42623.54
2023-12-20,43652.25,42388.18,42315.69,42270.53
2023-12-21,43869.15,43657.61,43695.96,43652.25
2023-12-22,43997.9,43983.92,43913.15,43869.15
2023-12-23,43739.54,44028.22,44043.52,43997.9
2023-12-24,43016.12,43748.76,43786.82,43739.54
2023-12-25,43613.14,43001.91,43063.66,43016.12
2023-12-26,42520.4,43614.9,43661.0,43613.14
2023-12-27,43442.86,42713.28,42566.14,42520.4
2023-12-28,42627.86,43447.07,43487.55,43442.86
2023-12-29,42099.4,42735.7,42670.03,42627.86
2023-12-30,42156.9,42103.48,42138.63,42099.4
2023-12-31,42265.19,42244.74,42193.14,42156.9
2024-01-01,44167.33,42251.81,42298.51,42265.19
2024-01-02,44957.97,44181.81,44199.08,44167.33
2024-01-03,42848.18,45015.42,44991.15,44957.97
2024-01-04,44179.92,42876.41,42882.62,42848.18
2024-01-05,44162.69,44194.66,44216.86,44179.92
2024-01-06,43989.2,44233.26,44201.97,44162.69
2024-01-07,43943.1,43990.68,44030.53,43989.2
2024-01-08,46970.5,43901.02,43985.89,43943.1
2024-01-09,46139.73,46974.79,47015.19,46970.5
2024-01-10,46627.78,46153.15,46189.0,46139.73
2024-01-11,46368.59,46656.47,46682.59,46627.78
2024-01-12,42853.17,46507.55,46427.97,46368.59
2024-01-13,42842.38,42851.45,42907.78,42853.17
2024-01-14,41796.27,42845.71,42894.45,42842.38
2024-01-15,42511.97,41518.13,41841.23,41796.27
2024-01-16,43154.95,42481.73,42550.97,42511.97
2024-01-17,42742.65,43114.12,43188.36,43154.95
2024-01-18,41262.06,42725.32,42771.41,42742.65
2024-01-19,41618.41,41272.94,41285.69,41262.06
2024-01-20,41665.59,41615.93,41638.23,41618.41
2024-01-21,41545.79,41724.61,41682.05,41665.59
2024-01-22,39507.37,41529.28,41559.78,41545.79
2024-01-23,39845.55,39523.39,39517.61,39507.37
2024-01-24,40077.07,39781.36,39852.84,39845.55
2024-01-25,39933.81,40112.81,40081.61,40077.07
2024-01-26,41816.87,39971.56,39936.54,39933.81
2024-01-27,42120.05,41818.28,41818.31,41816.87
2024-01-28,42035.59,42145.32,42124.47,42120.05
2024-01-29,43288.25,42044.94,42045.16,42035.59
2024-01-30,42952.61,43275.05,43303.39,43288.25
2024-01-31,42582.61,42989.21,42975.1,42952.61
2024-02-01,43075.77,42584.04,42611.58,42582.61
2024-02-02,43185.86,43032.88,43110.11,43075.77
2024-02-03,42992.25,43222.66,43224.61,43185.86
2024-02-04,42583.58,42993.7,43034.24,42992.25
2024-02-05,42658.67,42577.33,42627.18,42583.58
2024-02-06,43084.67,42638.61,42702.85,42658.67
2024-02-07,44318.22,43066.01,43128.99,43084.67
2024-02-08,45301.57,44351.36,44363.36,44318.22
2024-02-09,47147.2,45327.66,45349.12,45301.57
2024-02-10,47771.28,47165.62,47199.33,47147.2
2024-02-11,48293.92,47789.36,47831.07,47771.28
2024-02-12,49958.22,48356.82,48362.76,48293.92
2024-02-13,49742.44,50029.33,50036.95,49958.22
2024-02-14,51826.7,50085.33,49830.6,49742.44
2024-02-15,51938.55,51914.83,51925.03,51826.7
2024-02-16,52160.2,52062.53,52045.9,51938.55
2024-02-17,51663.0,52245.15,52275.17,52160.2
2024-02-18,52122.55,51782.7,51781.6,51663.0
2024-02-19,51779.14,52201.76,52243.35,52122.55
2024-02-20,52284.88,51904.58,51898.07,51779.14
2024-02-21,51839.18,52365.92,52401.5,52284.88
2024-02-22,51304.97,52187.91,51950.35,51839.18
2024-02-23,50731.95,51565.22,51408.98,51304.97
2024-02-24,51571.1,50989.27,50827.27,50731.95
2024-02-25,51733.24,51781.29,51659.64,51571.1
2024-02-26,54522.4,52055.31,51814.74,51733.24
2024-02-27,57085.37,54615.12,54600.74,54522.4
2024-02-28,62504.79,57257.99,57164.61,57085.37
2024-02-29,61198.38,62299.57,62588.7,62504.79
2024-03-01,62440.63,61100.34,61298.85,61198.38
2024-03-02,62029.85,62384.23,62560.04,62440.63
2024-03-03,63167.37,62146.3,62165.3,62029.85
2024-03-04,68330.41,63070.96,63316.87,63167.37
2024-03-05,63801.2,68090.61,68494.81,68330.41
2024-03-06,66106.8,63494.86,63966.84,63801.2
2024-03-07,66925.48,66018.85,66282.82,66106.8
2024-03-08,68300.09,66905.59,67106.72,66925.48
2024-03-09,68498.88,68444.44,68485.97,68300.09
2024-03-10,69019.79,68398.74,68686.02,68498.88
2024-03-11,72123.91,68941.23,69207.09,69019.79
2024-03-12,71481.29,72153.79,72314.99,72123.91
2024-03-13,73083.5,71316.42,71670.96,71481.29
2024-03-14,71396.59,72960.87,73275.49,73083.5
2024-03-15,69403.77,71246.43,71582.78,71396.59
2024-03-16,65315.12,69552.28,69578.42,69403.77
2024-03-17,68390.62,65289.69,65464.32,65315.12
2024-03-18,67548.59,68606.17,68530.09,68390.62
2024-03-19,61912.77,67524.06,67670.46,67548.59
2024-03-20,67913.67,61975.56,62003.58,61912.77
2024-03-21,65491.39,67656.59,67994.55,67913.67
2024-03-22,63778.76,65526.84,65558.29,65491.39
2024-03-23,64062.2,63785.94,63834.8,63778.76
2024-03-24,67234.17,64212.52,64110.34,64062.2
2024-03-25,69958.81,67504.35,67276.96,67234.17
2024-03-26,69987.84,70123.65,70001.33,69958.81
2024-03-27,69455.34,70171.05,70037.39,69987.84
2024-03-28,70744.95,69520.67,69514.05,69455.34
2024-03-29,69892.83,70808.74,70813.1,70744.95
2024-03-30,69645.3,69932.25,69968.96,69892.83
2024-03-31,71333.65,69639.43,69727.18,69645.3
2024-04-01,69702.15,71327.55,71420.62,71333.65
2024-04-02,65446.97,69748.73,69790.45,69702.15
2024-04-03,65980.81,65312.82,65526.33,65446.97
2024-04-04,68508.84,65975.57,66054.53,65980.81
2024-04-05,67837.64,68639.98,68576.81,68508.84
2024-04-06,68896.11,67831.75,67899.75,67837.64
2024-04-07,69362.55,68849.2,68955.33,68896.11
2024-04-08,71631.36,69326.27,69420.91,69362.55
2024-04-09,69139.02,71648.49,71691.65,71631.36
2024-04-10,70587.88,69185.76,69201.54,69139.02
2024-04-11,70060.61,70514.86,70654.22,70587.88
2024-04-12,67195.87,70179.87,70129.6,70060.61
2024-04-13,63821.47,67132.89,67262.12,67195.87
2024-04-14,65738.73,63647.28,63878.1,63821.47
2024-04-15,63426.21,65737.88,65789.23,65738.73
2024-04-16,63811.86,63426.79,63465.55,63426.21
2024-04-17,61276.69,63722.87,63842.53,63811.86
2024-04-18,63512.75,61264.5,61296.44,61276.69
2024-04-19,63843.57,63506.11,63524.65,63512.75
2024-04-20,64994.44,63781.42,63850.64,63843.57
2024-04-21,64926.64,64992.83,65000.11,64994.44
2024-04-22,66837.68,64898.04,64934.93,64926.64
2024-04-23,66407.27,66806.1,66850.34,66837.68
2024-04-24,64276.9,66416.62,66428.35,66407.27
2024-04-25,64481.71,64264.11,64304.98,64276.9
2024-04-26,63755.32,64457.8,64514.67,64481.71
2024-04-27,63419.14,63805.69,63790.55,63755.32
2024-04-28,63113.23,63376.97,63454.8,63419.14
2024-04-29,63841.12,63076.75,63147.93,63113.23
2024-04-30,60636.86,63721.15,63874.8,63841.12
2024-05-01,58254.01,60705.19,60666.0,60636.86
2024-05-02,59123.43,58217.71,58276.08,58254.01
2024-05-03,62889.84,59016.31,59139.09,59123.43
2024-05-04,63891.47,62965.57,62898.7,62889.84
2024-05-05,64031.13,63920.83,63900.83,63891.47
2024-05-06,63161.95,64054.73,64046.44,64031.13
2024-05-07,62334.82,63110.47,63185.17,63161.95
2024-05-08,61187.94,62293.95,62364.61,62334.82
2024-05-09,63049.96,61094.9,61221.33,61187.94
2024-05-10,60792.78,62959.51,63085.91,63049.96
2024-05-11,60793.71,60245.75,60829.11,60792.78
2024-05-12,61448.39,60823.82,60829.96,60793.71
2024-05-13,62901.45,61453.82,61483.99,61448.39
2024-05-14,61552.79,62935.45,62937.28,62901.45
2024-05-15,66267.49,61584.59,61589.68,61552.79
2024-05-16,65231.58,66219.44,66305.5,66267.49
2024-05-17,67051.88,65333.96,65277.94,65231.58
2024-05-18,66940.8,67052.63,67108.36,67051.88
2024-05-19,66278.37,67076.73,67008.76,66940.8
2024-05-20,71448.2,66252.74,66355.95,66278.37
2024-05-21,70136.53,71456.76,71534.87,71448.2
2024-05-22,69122.34,70198.74,70235.11,70136.53
2024-05-23,67929.56,69040.84,69230.53,69122.34
2024-05-24,68526.1,67978.34,68041.93,67929.56
2024-05-25,69265.95,68454.97,68640.56,68526.1
2024-05-26,68518.09,69391.83,69380.14,69265.95
2024-05-27,69394.55,68578.5,68628.58,68518.09
2024-05-28,68296.22,69408.06,69502.35,69394.55
2024-05-29,67578.09,68324.7,68398.09,68296.22
2024-05-30,68364.99,67536.19,67673.15,67578.09
2024-05-31,67491.41,68489.98,68454.31,68364.99
2024-06-01,67706.94,67559.05,67573.21,67491.41
2024-06-02,67751.6,67748.0,67782.51,67706.94
2024-06-03,68804.78,67745.33,67821.4,67751.6
2024-06-04,70567.77,68819.27,68870.76,68804.78
2024-06-05,71082.82,70639.61,70632.6,70567.77
2024-06-06,70757.16,71160.91,71149.72,71082.82
2024-06-07,69342.59,70814.15,70827.64,70757.16
2024-06-08,69305.77,69349.06,69414.79,69342.59
2024-06-09,69647.99,69315.38,69378.59,69305.77
2024-06-10,69512.28,69777.26,69720.2,69647.99
2024-06-11,67332.03,69555.21,69582.87,69512.28
2024-06-12,68241.19,67246.65,67397.19,67332.03
2024-06-13,66756.4,68243.95,68302.42,68241.19
2024-06-14,66011.09,66708.46,66810.98,66756.4
2024-06-15,66191.0,65901.33,66058.82,66011.09
2024-06-16,66639.05,66084.24,66232.26,66191.0
2024-06-17,66490.3,66575.18,66674.85,66639.05
2024-06-18,65140.75,66474.27,66522.1,66490.3
2024-06-19,64960.3,65097.01,65168.81,65140.75
2024-06-20,64828.66,64823.76,64985.13,64960.3
2024-06-21,64096.2,64879.87,64850.5,64828.66
2024-06-22,64252.58,64072.43,64115.21,64096.2
2024-06-23,63180.8,64202.37,64269.28,64252.58
2024-06-24,60277.41,62998.82,63195.24,63180.8
2024-06-25,61804.64,60081.13,60286.91,60277.41
2024-06-26,60811.28,61676.09,61809.94,61804.64
2024-06-27,61604.8,60893.22,60812.88,60811.28
2024-06-28,60320.14,61616.84,61603.77,61604.8
2024-06-29,60887.38,60283.63,60318.01,60320.14
2024-06-30,62678.29,60786.13,60884.68,60887.38
2024-07-01,62851.98,62767.09,62676.14,62678.29
2024-07-02,62029.02,62877.6,62854.63,62851.98
2024-07-03,60173.92,62005.03,62038.16,62029.02
2024-07-04,56977.7,60181.53,60187.67,60173.92
2024-07-05,56662.38,56943.49,56990.24,56977.7
2024-07-06,58303.54,56606.33,56672.01,56662.38
2024-07-07,55849.11,58349.6,58309.04,58303.54
2024-07-08,56705.1,55837.72,55850.21,55849.11
2024-07-09,58009.23,56656.11,56702.76,56705.1
2024-07-10,57742.5,58059.51,58004.73,58009.23
2024-07-11,57344.91,57758.98,57739.34,57742.5
2024-07-12,57899.46,57322.74,57344.62,57344.91
2024-07-13,59231.95,57849.17,57902.5,57899.46
2024-07-14,60787.79,59223.67,59239.28,59231.95
2024-07-15,64870.15,60824.81,60801.81,60787.79
2024-07-16,65097.15,64910.67,64891.66,64870.15
2024-07-17,64118.79,65119.96,65136.82,65097.15
2024-07-18,63974.07,64094.0,64177.47,64118.79
2024-07-19,66710.16,63944.54,64048.29,63974.07
2024-07-20,67163.65,66744.1,66797.81,66710.16
2024-07-21,68154.52,67177.16,67263.97,67163.65
2024-07-22,67585.25,68130.88,68266.81,68154.52
2024-07-23,65927.67,67603.1,67706.06,67585.25
2024-07-24,65372.13,65896.27,66050.42,65927.67
2024-07-25,65777.23,65385.9,65493.19,65372.13
2024-07-26,67912.06,65778.03,65894.43,65777.23
2024-07-27,67813.34,67964.22,68026.42,67912.06
2024-07-28,68255.87,67905.94,67923.71,67813.34
2024-07-29,66819.91,68265.5,68363.85,68255.87
2024-07-30,66201.02,66863.95,66922.76,66819.91
2024-07-31,64619.25,66175.41,66298.15,66201.02
2024-08-01,65357.5,64679.61,64706.84,64619.25
2024-08-02,61415.07,65295.19,65437.46,65357.5
2024-08-03,60680.09,61382.97,61478.45,61415.07
2024-08-04,58116.98,60644.18,60730.77,60680.09
2024-08-05,53991.46,58262.7,58150.72,58116.98
2024-08-06,56034.32,54145.96,54004.14,53991.46
2024-08-07,55027.46,56011.11,56033.23,56034.32
2024-08-08,61710.14,55030.6,55013.25,55027.46
2024-08-09,60880.11,61510.01,61678.78,61710.14
2024-08-10,60945.81,60967.28,60852.63,60880.11
2024-08-11,58719.48,60897.23,60927.37,60945.81
2024-08-12,59354.52,58680.57,58712.13,58719.48
2024-08-13,60609.57,59288.96,59355.62,59354.52
2024-08-14,58737.27,60712.74,60618.27,60609.57
2024-08-15,57560.1,58725.78,58753.4,58737.27
2024-08-16,58894.11,57566.5,57580.49,57560.1
2024-08-17,59478.97,58940.63,58917.02,58894.11
2024-08-18,58483.96,59575.92,59504.46,59478.97
2024-08-19,59493.45,58502.18,58511.96,58483.96
2024-08-20,59012.79,59452.95,59523.94,59493.45
2024-08-21,61175.19,59096.4,59045.84,59012.79
2024-08-22,60381.91,61136.28,61211.28,61175.19
2024-08-23,64094.36,60392.96,60422.85,60381.91
2024-08-24,64178.99,64069.57,64140.42,64094.36
2024-08-25,64333.54,64167.16,64235.6,64178.99
2024-08-26,62880.66,64286.9,64401.78,64333.54
2024-08-27,59504.13,62797.29,62957.31,62880.66
2024-08-28,59027.62,59482.65,59579.35,59504.13
2024-08-29,59388.18,59074.26,59099.89,59027.62
2024-08-30,59119.48,59378.5,59454.96,59388.18
2024-08-31,58969.9,59051.96,59178.78,59119.48
2024-09-01,57325.49,59049.96,59021.82,58969.9
2024-09-02,59112.48,57268.08,57368.44,57325.49
2024-09-03,57431.02,59110.67,59149.38,59112.48
2024-09-04,57971.54,57618.93,57461.76,57431.02
2024-09-05,56160.49,57977.86,57998.26,57971.54
2024-09-06,53948.75,56089.53,56182.48,56160.49
2024-09-07,54139.69,53926.64,53964.23,53948.75
2024-09-08,54841.57,54100.67,54149.26,54139.69
2024-09-09,57019.54,54884.89,54845.59,54841.57
2024-09-10,57648.71,57028.16,57019.6,57019.54
2024-09-11,57343.17,57668.92,57650.36,57648.71
2024-09-12,58127.01,57344.03,57350.2,57343.17
2024-09-13,60571.3,58086.77,58140.47,58127.01
2024-09-14,60005.12,60597.71,60591.96,60571.3
2024-09-15,59182.84,60038.95,60037.46,60005.12
2024-09-16,58192.51,59094.76,59225.64,59182.84
2024-09-17,60308.54,58170.93,58242.16,58192.51
2024-09-18,61649.68,60223.22,60363.76,60308.54
2024-09-19,62940.46,61737.94,61710.82,61649.68
2024-09-20,63192.98,62965.62,63009.17,62940.46
2024-09-21,63394.84,63197.98,63270.35,63192.98
2024-09-22,63648.71,63371.64,63480.46,63394.84
2024-09-23,63329.8,63606.39,63741.26,63648.71
2024-09-24,64301.97,63259.78,63426.67,63329.8
2024-09-25,63143.14,64267.88,64402.5,64301.97
2024-09-26,65181.02,63132.99,63243.08,63143.14
2024-09-27,65790.66,65190.22,65282.46,65181.02
2024-09-28,65887.65,65973.79,65893.03,65790.66
2024-09-29,65635.3,65946.51,65991.04,65887.65
2024-09-30,63329.5,65648.08,65738.84,65635.3
2024-10-01,60837.01,63335.43,63427.31,63329.5
2024-10-02,60632.79,60735.92,60923.69,60837.01
2024-10-03,60759.4,60650.62,60709.18,60632.79
2024-10-04,62067.48,60627.67,60824.55,60759.4
2024-10-05,62089.95,62029.15,62123.28,62067.48
2024-10-06,62818.95,62145.14,62138.26,62089.95
2024-10-07,62236.66,62826.65,62862.88,62818.95
2024-10-08,62131.97,62264.41,62278.1,62236.66
2024-10-09,60582.1,62138.74,62172.17,62131.97
2024-10-10,60274.5,60531.77,60619.89,60582.1
2024-10-11,62445.09,60222.14,60309.57,60274.5
2024-10-12,63193.02,62575.2,62478.12,62445.09
2024-10-13,62851.38,63260.34,63226.78,63193.02
2024-10-14,66046.12,62877.79,62888.12,62851.38
2024-10-15,67041.11,66047.21,66086.92,66046.12
2024-10-16,67612.72,67086.42,67091.24,67041.11
2024-10-17,67399.84,67730.65,67675.01,67612.72
2024-10-18,68418.79,67473.63,67474.26,67399.84
2024-10-19,68362.73,68432.11,68504.36,68418.79
2024-10-20,69001.7,68406.49,68457.29,68362.73
2024-10-21,67367.85,69009.02,69103.7,69001.7
2024-10-22,67361.41,67384.02,67471.69,67367.85
2024-10-23,66432.2,67335.36,67465.4,67361.41
2024-10-24,68161.05,66484.68,66531.77,66432.2
2024-10-25,66642.41,68104.86,68257.77,68161.05
2024-10-26,67014.7,66632.65,66732.32,66642.41
2024-10-27,67929.3,66988.78,67099.57,67014.7
2024-10-28,69907.76,67993.58,68009.99,67929.3
2024-10-29,72720.49,69898.95,69986.73,69907.76
2024-10-30,72339.54,72806.33,72801.6,72720.49
2024-10-31,70215.19,72414.87,72426.97,72339.54
2024-11-01,69482.47,70242.16,70306.72,70215.19
2024-11-02,69289.27,69497.1,69575.71,69482.47
2024-11-03,68741.12,69417.87,69381.26,69289.27
2024-11-04,67811.51,68692.57,68828.77,68741.12
2024-11-05,69359.56,67813.85,67892.18,67811.51
2024-11-06,75639.08,69222.6,69435.06,69359.56
2024-11-07,75904.86,75769.2,75710.6,75639.08
2024-11-08,76545.48,76063.39,75983.36,75904.86
2024-11-09,76778.87,76643.41,76636.13,76545.48
2024-11-10,80474.19,76943.82,76882.84,76778.87
2024-11-11,88701.48,80589.02,80592.57,80474.19
2024-11-12,87955.81,88738.43,88834.35,88701.48
2024-11-13,90584.16,87962.58,88117.79,87955.81
2024-11-14,87250.43,90768.59,90778.28,90584.16
2024-11-15,91066.01,87435.28,87465.71,87250.43
2024-11-16,90558.48,91188.6,91305.0,91066.01
2024-11-17,89845.85,90906.19,90809.37,90558.48
2024-11-18,90542.64,89990.27,90100.79,89845.85
2024-11-19,92343.79,90671.09,90798.1,90542.64
2024-11-20,94339.49,92565.1,92597.99,92343.79
2024-11-21,98504.73,94411.41,94591.63,94339.49
2024-11-22,98997.66,98495.13,98759.44,98504.73
2024-11-23,97777.28,98949.96,99253.8,98997.66
2024-11-24,98013.82,97892.95,98031.63,97777.28
2024-11-25,93102.3,97905.81,98266.03,98013.82
2024-11-26,91985.32,92985.58,93332.11,93102.3
2024-11-27,95962.53,92085.07,92195.9,91985.32
2024-11-28,95652.47,96241.43,96161.23,95962.53
2024-11-29,97461.52,95816.85,95833.87,95652.47
2024-11-30,96449.05,97569.93,97631.93,97461.52
2024-12-01,97279.79,96769.85,96607.74,96449.05
2024-12-02,95865.3,97332.64,97430.89,97279.79
2024-12-03,96002.16,95853.4,96006.65,95865.3
2024-12-04,98768.53,96056.33,96135.42,96002.16
2024-12-05,96593.57,98576.37,98897.05,98768.53
2024-12-06,99920.71,96417.78,96715.05,96593.57
2024-12-07,99923.34,100090.2,100040.9,99920.71
2024-12-08,101236.02,100264.81,100043.53,99923.34
2024-12-09,97432.72,101387.36,101359.17,101236.02
2024-12-10,96675.43,97651.68,97552.83,97432.72
2024-12-11,101173.03,96817.09,96791.92,96675.43
2024-12-12,100043.0,101383.83,101288.09,101173.03
2024-12-13,101459.26,100133.15,100156.12,100043.0
2024-12-14,101372.97,101471.72,101573.7,101459.26
2024-12-15,104298.7,101385.96,101489.03,101372.97
2024-12-16,106029.72,104311.48,104419.14,104298.7
2024-12-17,106140.6,106126.11,106157.48,106029.72
2024-12-18,100041.54,106244.41,106277.42,106140.6
2024-12-19,97490.95,100085.5,100174.45,100041.54
2024-12-20,97755.93,97363.61,97616.11,97490.95
2024-12-21,97224.73,97802.43,97871.17,97755.93
2024-12-22,95104.94,97256.01,97326.05,97224.73
2024-12-23,94686.24,95126.0,95189.13,95104.94
2024-12-24,98676.09,94781.33,94754.9,94686.24
2024-12-25,99299.2,98432.59,98732.96,98676.09
2024-12-26,95795.52,99317.54,99350.29,99299.2
2024-12-27,94164.86,95809.13,95842.91,95795.52
2024-12-28,95163.93,94128.44,94208.48,94164.86
2024-12-29,93530.23,95212.35,95203.91,95163.93
2024-12-30,92643.21,93626.62,93565.7,93530.23
2024-12-31,93429.2,92578.71,92673.97,92643.21
2025-01-01,94419.76,93319.19,93455.83,93429.2
2025-01-02,96886.88,94381.38,94444.14,94419.76
2025-01-03,98107.43,96997.96,96912.12,96886.88
2025-01-04,98236.23,98199.39,98139.33,98107.43
2025-01-05,98314.96,98329.1,98278.98,98236.23
2025-01-06,102078.09,98318.28,98369.66,98314.96
2025-01-07,96922.7,102020.64,102144.76,102078.09
2025-01-08,95043.52,96957.12,96999.2,96922.7
2025-01-09,92484.04,95060.41,95125.04,95043.52
2025-01-10,94701.45,92553.64,92562.02,92484.04
2025-01-11,94566.59,94731.92,94775.75,94701.45
2025-01-12,94488.44,94727.58,94635.25,94566.59
2025-01-13,94516.52,94462.36,94552.28,94488.44
2025-01-14,96534.05,94248.7,94576.59,94516.52
2025-01-15,100504.49,96488.65,96592.69,96534.05
2025-01-16,99756.91,100516.55,100565.38,100504.49
2025-01-17,104462.04,99828.83,99827.35,99756.91
2025-01-18,104408.07,104458.04,104544.44,104462.04
2025-01-19,101089.61,104529.56,104509.15,104408.07
2025-01-20,102016.66,101048.61,101205.02,101089.61
2025-01-21,106146.27,101992.44,102143.7,102016.66
2025-01-22,103653.07,106441.72,106283.61,106146.27
2025-01-23,103960.17,103789.21,103796.31,103653.07
2025-01-24,104819.48,103886.68,104108.64,103960.17
2025-01-25,104714.65,104894.74,104970.94,104819.48
2025-01-26,102682.5,104833.55,104866.35,104714.65
2025-01-27,102087.69,102760.46,102829.0,102682.5
2025-01-28,101332.48,102096.21,102227.18,102087.69
2025-01-29,103703.21,101206.76,101461.91,101332.48
2025-01-30,104735.3,103757.37,103825.15,103703.21
2025-01-31,102405.02,104848.39,104851.31,104735.3
2025-02-01,100655.91,102561.45,102514.05,102405.02
2025-02-02,97688.98,100659.3,100757.01,100655.91
2025-02-03,101405.42,97457.14,97777.19,97688.98
2025-02-04,97871.82,101443.11,101485.24,101405.42
2025-02-05,96615.45,97864.06,97939.86,97871.82
2025-02-06,96593.3,96491.17,96673.39,96615.45
2025-02-07,96529.09,96418.29,96641.73,96593.3
2025-02-08,96482.45,96380.38,96568.94,96529.09
2025-02-09,96500.09,96457.99,96515.59,96482.45
2025-02-10,97437.55,96456.06,96528.69,96500.09
2025-02-11,95747.43,97412.85,97464.11,97437.55
2025-02-12,97885.86,95755.42,95773.78,95747.43
2025-02-13,96623.87,97856.02,97913.2,97885.86
2025-02-14,97508.97,96788.35,96654.54,96623.87
2025-02-15,97580.35,97512.26,97543.69,97508.97
2025-02-16,96175.03,97621.37,97620.06,97580.35
2025-02-17,95773.38,96102.04,96219.0,96175.03
2025-02-18,95539.55,95745.32,95820.08,95773.38
2025-02-19,96635.61,95484.32,95587.43,95539.55
2025-02-20,98333.94,96621.57,96684.55,96635.61
2025-02-21,96125.55,98407.47,98385.46,98333.94
2025-02-22,96577.76,96205.19,96180.23,96125.55
2025-02-23,96273.92,96581.02,96635.55,96577.76
2025-02-24,91418.17,96352.51,96333.78,96273.92
2025-02-25,88736.17,91324.26,91472.64,91418.17
2025-02-26,84347.02,88504.02,88781.67,88736.17
2025-02-27,84704.23,84558.52,84375.45,84347.02
2025-02-28,84373.01,84530.69,84717.82,84704.23
2025-03-01,86031.91,84282.06,84371.11,84373.01
2025-03-02,94248.35,86102.26,86017.14,86031.91
2025-03-03,86065.67,94197.1,94217.94,94248.35
2025-03-04,87222.2,86074.51,86043.38,86065.67
2025-03-05,90623.56,87114.14,87208.08,87222.2
2025-03-06,89961.73,90717.85,90617.33,90623.56
2025-03-07,86742.67,90003.06,89969.86,89961.73
2025-03-08,86154.59,86722.91,86763.02,86742.67
2025-03-09,80601.04,86080.66,86182.77,86154.59
2025-03-10,78532.0,80596.26,80625.92,80601.04
2025-03-11,82862.21,78593.64,78550.23,78532.0
2025-03-12,83722.36,82542.17,82872.62,82862.21
2025-03-13,81066.7,83657.27,83728.5,83722.36
2025-03-14,83969.1,81142.15,81071.81,81066.7
2025-03-15,84343.11,83908.22,83973.92,83969.1
2025-03-16,82579.69,84446.79,84352.61,84343.11
2025-03-17,84075.69,82594.47,82595.86,82579.69
2025-03-18,82718.5,83975.11,84097.92,84075.69
2025-03-19,86854.23,82821.85,82747.08,82718.5
2025-03-20,84167.2,86814.37,86888.01,86854.23
2025-03-21,84043.24,84420.87,84209.94,84167.2
2025-03-22,83832.48,84010.74,84093.72,84043.24
2025-03-23,86054.38,83879.11,83888.44,83832.48
2025-03-24,87498.91,86007.15,86115.32,86054.38
2025-03-25,87471.7,87491.2,87566.52,87498.91
2025-03-26,86900.88,87483.64,87547.54,87471.7
2025-03-27,87177.1,86840.72,86984.14,86900.88
2025-03-28,84353.15,87094.64,87266.35,87177.1
2025-03-29,82597.59,84324.36,84441.96,84353.15
2025-03-30,82334.52,82571.63,82681.74,82597.59
2025-03-31,82548.91,82361.01,82411.74,82334.52
2025-04-01,85169.17,82407.49,82617.91,82548.91
2025-04-02,82485.71,85100.26,85232.01,85169.17
2025-04-03,83102.83,82413.03,82542.41,82485.71
2025-04-04,83843.8,83001.24,83156.13,83102.83
2025-04-05,83504.8,83968.65,83894.93,83843.8
2025-04-06,78214.48,83542.07,83555.02,83504.8
2025-04-07,79235.34,78088.79,78256.97,78214.48
2025-04-08,76271.95,79166.63,79273.14,79235.34
2025-04-09,82573.95,76485.89,76300.0,76271.95
2025-04-10,79626.14,82507.01,82593.55,82573.95
2025-04-11,83404.84,78905.13,79644.94,79626.14
2025-04-12,85287.11,83366.59,83425.33,83404.84
2025-04-13,83684.98,85421.24,85316.2,85287.11
2025-04-14,84542.39,83735.93,83727.41,83684.98
2025-04-15,83668.99,84502.24,84597.54,84542.39
2025-04-16,84033.87,83792.91,83734.83,83668.99
2025-04-17,84895.75,83966.87,84108.05,84033.87
2025-04-18,84450.8,84833.01,84976.6,84895.75
2025-04-19,85063.41,84480.27,84536.31,84450.8
2025-04-20,85174.3,85030.52,85152.7,85063.41
2025-04-21,87518.91,85158.77,85266.12,85174.3
2025-04-22,93441.89,87485.06,87614.39,87518.91
2025-04-23,93699.11,93578.82,93543.2,93441.89
2025-04-24,93943.8,93743.93,93815.72,93699.11
2025-04-25,94720.5,93957.06,94078.29,93943.8
2025-04-26,94646.93,94735.37,94872.01,94720.5
2025-04-27,93754.84,94743.28,94811.69,94646.93
2025-04-28,94978.75,93790.03,93926.67,93754.84
2025-04-29,94284.79,94982.03,95155.62,94978.75
2025-04-30,94207.31,94339.75,94460.44,94284.79
2025-05-01,96492.34,94216.44,94379.27,94207.31
2025-05-02,96910.07,96505.71,96662.12,96492.34
2025-05-03,95891.8,96972.1,97076.35,96910.07
2025-05-04,94315.98,95957.88,96052.68,95891.8
2025-05-05,94748.05,94327.34,94468.3,94315.98
2025-05-06,96802.48,94732.48,94892.49,94748.05
2025-05-07,97032.32,97339.53,96940.67,96802.48
2025-05-08,103241.46,97632.19,97164.66,97032.32
2025-05-09,102970.85,103379.16,103373.69,103241.46
2025-05-10,104696.33,103194.33,103109.63,102970.85
2025-05-11,104106.36,104864.93,104846.62,104696.33
2025-05-12,102812.95,104339.48,104267.62,104106.36
2025-05-13,104169.81,102944.5,102980.78,102812.95
2025-05-14,103539.41,104304.75,104343.07,104169.81
2025-05-15,103744.64,103742.54,103712.58,103539.41
2025-05-16,103489.29,104236.72,103915.82,103744.64
2025-05-17,103191.09,103972.73,103655.49,103489.29
2025-05-18,106446.01,103682.18,103350.29,103191.09
2025-05-19,105606.18,106901.86,106601.79,106446.01
2025-05-20,106791.09,106276.42,105757.18,105606.18
2025-05-21,109678.08,107297.62,106940.49,106791.09
2025-05-22,111673.28,110343.38,109829.12,109678.08
2025-05-23,107287.8,112328.06,111829.56,111673.28
2025-05-24,107791.16,107378.76,107443.15,107287.8
2025-05-25,109035.39,107812.14,107947.47,107791.16
2025-05-26,109440.37,109316.58,109190.77,109035.39
2025-05-27,108994.64,109530.26,109593.37,109440.37
2025-05-28,107802.33,109015.86,109143.84,108994.64
2025-05-29,105641.76,107815.62,107945.23,107802.33
2025-05-30,103998.57,105271.72,105773.94,105641.76
2025-05-31,104638.09,104007.98,104117.2,103998.57
2025-06-01,105652.1,104851.88,104744.11,104638.09
2025-06-02,105881.53,105957.71,105746.6,105652.1
2025-06-03,105432.47,105966.81,105966.83,105881.53
2025-06-04,104731.98,105447.35,105510.85,105432.47
2025-06-05,101575.95,104874.33,104804.77,104731.98
2025-06-06,104390.34,101532.66,101640.32,101575.95
2025-06-07,105615.62,104430.95,104449.23,104390.34
2025-06-08,105793.65,105748.91,105671.5,105615.62
2025-06-09,110294.1,105802.88,105850.21,105793.65
2025-06-10,110257.23,110251.45,110354.4,110294.1
2025-06-11,108686.62,110299.02,110329.1,110257.23
2025-06-12,105929.05,108636.75,108770.92,108686.62
2025-06-13,106090.97,105933.22,106020.15,105929.05
2025-06-14,105472.41,105989.29,106185.51,106090.97
2025-06-15,105552.02,105506.34,105565.91,105472.41
2025-06-16,106796.76,105528.03,105642.64,105552.02
2025-06-17,104601.12,106757.16,106884.69,106796.76
2025-06-18,104883.33,104233.74,104684.26,104601.12
2025-06-19,104684.29,104835.2,104962.56,104883.33
2025-06-20,103309.6,104722.6,104759.18,104684.29
2025-06-21,102257.41,103236.34,103379.12,103309.6
2025-06-22,100987.14,102212.13,102320.75,102257.41
2025-06-23,105577.77,100894.82,101042.93,100987.14
2025-06-24,106045.63,105525.94,105628.04,105577.77
2025-06-25,107361.26,106061.54,106096.5,106045.63
2025-06-26,106960.0,107372.79,107417.52,107361.26
2025-06-27,107088.43,107006.64,107024.8,106960.0
2025-06-28,107327.7,107047.02,107162.18,107088.43
2025-06-29,108385.57,107287.91,107409.69,107327.7
2025-06-30,107135.34,108257.89,108475.34,108385.57
2025-07-01,105698.28,107170.41,107230.78,107135.34
2025-07-02,108859.32,105689.09,105795.74,105698.28
2025-07-03,109647.98,108805.87,108959.22,108859.32
2025-07-04,108034.34,109670.69,109751.13,109647.98
2025-07-05,108231.18,108079.75,108139.83,108034.34
2025-07-06,109232.07,108189.33,108338.63,108231.18
2025-07-07,108299.85,109287.65,109340.99,109232.07
2025-07-08,108950.27,108361.03,108408.51,108299.85
2025-07-09,111326.55,108861.94,109058.83,108950.27
2025-07-10,115987.2,111363.0,111436.47,111326.55
2025-07-11,117516.99,116047.13,116102.23,115987.2
2025-07-12,117435.23,117643.98,117644.43,117516.99
2025-07-13,119116.12,117517.02,117578.4,117435.23
2025-07-14,119849.7,119139.31,119275.78,119116.12
2025-07-15,117777.19,119958.66,120024.55,119849.7
2025-07-16,118738.51,117881.03,117960.5,117777.19
2025-07-17,119289.84,118772.54,118928.08,118738.51
2025-07-18,118003.23,119621.88,119481.44,119289.84
2025-07-19,117939.98,118084.55,118191.06,118003.23
2025-07-20,117300.79,117942.99,118122.17,117939.98
2025-07-21,117439.54,117311.4,117473.87,117300.79
2025-07-22,119995.41,117444.29,117602.83,117439.54
2025-07-23,118754.96,120510.41,120151.76,119995.41
2025-07-24,118368.0,118852.95,118903.28,118754.96
2025-07-25,117635.88,118379.47,118509.64,118368.0
2025-07-26,117947.37,117646.53,117770.03,117635.88
2025-07-27,119448.49,117952.13,118074.61,117947.37
2025-07-28,117924.48,119446.51,119570.64,119448.49
2025-07-29,117922.15,118021.38,118040.78,117924.48
2025-07-30,117831.19,117933.58,118033.79,117922.15
2025-07-31,115758.2,117815.07,117938.11,117831.19
2025-08-01,113320.09,115735.25,115857.99,115758.2
2025-08-02,112526.91,113231.76,113409.61,113320.09
2025-08-03,114217.67,112257.38,112605.2,112526.91
2025-08-04,115071.88,114307.9,114286.02,114217.67
2025-08-05,114141.45,115039.07,115132.8,115071.88
2025-08-06,115028.0,114177.0,114197.75,114141.45
2025-08-07,117496.9,114983.52,115082.4,115028.0
2025-08-08,116688.73,117628.77,117552.56,117496.9
2025-08-09,116500.36,116784.65,116749.72,116688.73
2025-08-10,119306.76,116438.94,116567.69,116500.36
2025-08-11,118731.45,119286.12,119381.41,119306.76
2025-08-12,120172.91,118819.13,118815.39,118731.45
2025-08-13,123344.06,120150.22,120266.91,120172.91
2025-08-14,118359.58,123411.51,123449.71,123344.06
2025-08-15,117398.35,118414.34,118472.65,118359.58
2025-08-16,117491.35,117352.95,117515.83,117398.35
2025-08-17,117453.06,117529.15,117608.83,117491.35
2025-08-18,116252.31,117354.58,117567.44,117453.06
2025-08-19,112831.18,116209.21,116360.56,116252.31
2025-08-20,114274.74,112665.4,112927.53,112831.18
2025-08-21,112419.03,113942.64,114361.6,114274.74
2025-08-22,116874.09,112227.81,112493.76,112419.03
2025-08-23,115374.33,116828.89,116940.89,116874.09
2025-08-24,113458.43,115508.06,115437.6,115374.33
2025-08-25,110124.35,113414.55,113519.52,113458.43
2025-08-26,111802.66,109838.28,110179.87,110124.35
2025-08-27,111222.06,111843.57,111853.41,111802.66
2025-08-28,112544.8,111387.68,111267.81,111222.06
2025-08-29,108410.84,112466.45,112587.55,112544.8
2025-08-30,108808.07,108236.55,108449.27,108410.84
2025-08-31,108236.71,108673.04,108842.98,108808.07
2025-09-01,109250.59,108356.67,108267.54,108236.71
2025-09-02,111200.59,109200.54,109278.5,109250.59
2025-09-03,111723.21,111180.3,111228.24,111200.59
2025-09-04,110723.6,111768.76,111755.28,111723.21
2025-09-05,110650.98,110694.91,110762.54,110723.6
2025-09-06,110224.7,110609.95,110696.72,110650.98
2025-09-07,111167.62,110183.82,110276.27,110224.7
2025-09-08,112071.43,111126.4,111224.44,111167.62
2025-09-09,111530.55,112065.09,112133.99,112071.43
2025-09-10,113955.36,111565.29,111599.05,111530.55
2025-09-11,115507.54,113872.73,114030.52,113955.36
2025-09-12,116101.58,115569.97,115591.81,115507.54
2025-09-13,115950.51,116131.92,116197.16,116101.58
2025-09-14,115407.66,115962.96,116057.34,115950.51
2025-09-15,115444.88,115325.81,115523.45,115407.66
2025-09-16,116843.19,115354.67,115566.92,115444.88
2025-09-17,116468.51,116741.7,116970.22,116843.19
2025-09-18,117137.2,116509.15,116598.42,116468.51
2025-09-19,115688.86,117091.9,117269.58,117137.2
2025-09-20,115721.96,115739.31,115820.28,115688.86
2025-09-21,115306.09,115628.14,115851.36,115721.96
2025-09-22,112748.51,115195.58,115431.23,115306.09
2025-09-23,112014.5,112660.63,112864.51,112748.51
2025-09-24,113328.63,111923.87,112120.47,112014.5
2025-09-25,109049.29,113365.1,113425.36,113328.63
2025-09-26,109712.83,108827.7,109131.17,109049.29
2025-09-27,109681.95,109437.6,109783.64,109712.83
2025-09-28,112122.64,109472.06,109741.92,109681.95
2025-09-29,114400.38,112101.48,112175.22,112122.64
2025-09-30,114056.09,114379.52,114451.03,114400.38
2025-10-01,118648.93,114102.59,114111.0,114056.09
2025-10-02,120681.26,118651.86,118711.22,118648.93
2025-10-03,122266.53,120723.52,120759.38,120681.26
2025-10-04,122425.43,122387.52,122365.92,122266.53
2025-10-05,123513.48,122534.8,122547.74,122425.43
2025-10-06,124752.53,123506.29,123657.23,123513.48
2025-10-07,121451.38,124865.94,124915.36,124752.53
2025-10-08,123354.87,121542.65,121623.77,121451.38
2025-10-09,121705.59,123322.91,123535.56,123354.87
2025-10-10,113214.37,122030.56,121885.75,121705.59
2025-10-11,110807.88,112921.4,113369.88,113214.37
2025-10-12,115169.77,110561.67,110941.87,110807.88
2025-10-13,115271.08,114739.78,115287.06,115169.77
2025-10-14,113118.66,115255.95,115369.95,115271.08
2025-10-15,110783.16,112873.6,113200.85,113118.66
2025-10-16,108186.04,110591.55,110849.7,110783.16
2025-10-17,106467.79,108040.6,108236.21,108186.04
2025-10-18,107198.27,106305.01,106501.65,106467.79
2025-10-19,108666.71,107199.57,107217.78,107198.27
2025-10-20,110588.93,108513.46,108675.11,108666.71
2025-10-21,108476.89,110623.38,110591.67,110588.93
2025-10-22,107688.59,108515.68,108480.61,108476.89
2025-10-23,110069.73,107639.17,107694.68,107688.59
2025-10-24,111033.92,110156.68,110078.71,110069.73
2025-10-25,111641.73,111082.34,111049.99,111033.92
2025-10-26,114472.45,111648.31,111668.18,111641.73
2025-10-27,114119.33,114508.1,114511.09,114472.45
2025-10-28,112956.16,114190.19,114174.51,114119.33
2025-10-29,110055.3,112912.48,113026.53,112956.16
2025-10-30,108305.55,109998.81,110134.3,110055.3
2025-10-31,109556.16,108243.1,108386.54,108305.55
2025-11-01,110064.02,109591.41,109636.37,109556.16
2025-11-02,110639.62,110165.45,110141.74,110064.02
2025-11-03,106547.52,110614.05,110715.57,110639.62
2025-11-04,101590.52,106196.3,106617.5,106547.52
2025-11-05,103891.84,101839.33,101647.5,101590.52
2025-11-06,101301.29,103726.07,103939.03,103891.84
2025-11-07,103372.41,101183.84,101335.33,101301.29
2025-11-08,102282.12,103209.18,103396.41,103372.41
2025-11-09,104719.64,102087.77,102298.87,102282.12
2025-11-10,105996.59,104646.55,104732.32,104719.64
2025-11-11,102997.47,105962.52,106010.97,105996.59
2025-11-12,101663.19,103035.21,103017.21,102997.47
2025-11-13,99697.49,101616.53,101686.82,101663.19
2025-11-14,94397.79,99722.97,99721.63,99697.49
2025-11-15,95549.15,94264.59,94414.23,94397.79
2025-11-16,94177.08,95358.42,95558.27,95549.15
2025-11-17,92093.88,94115.79,94176.99,94177.08
2025-11-18,92948.88,92052.68,92084.26,92093.88
2025-11-19,91465.99,92770.35,92930.68,92948.88
2025-11-20,86631.9,91621.55,91441.58,91465.99
2025-11-21,85090.69,86603.47,86600.3,86631.9
2025-11-22,84648.36,85291.24,85051.27,85090.69
2025-11-23,86805.01,84485.78,84600.43,84648.36
2025-11-24,88270.56,86655.01,86748.68,86805.01
2025-11-25,87341.89,88310.26,88211.43,88270.56
2025-11-26,90518.37,87431.23,87287.89,87341.89
2025-11-27,91285.38,90444.59,90468.95,90518.37
2025-11-28,90919.27,91309.01,91249.71,91285.38
2025-11-29,90851.76,90917.72,90901.68,90919.27
2025-11-30,90394.31,90816.62,90851.87,90851.76
2025-12-01,86321.57,90352.9,90410.33,90394.31
2025-12-02,91350.2,86297.03,86346.83,86321.57
2025-12-03,93527.8,91242.74,91380.98,91350.2
2025-12-04,92141.62,93671.9,93567.81,93527.8
2025-12-05,89387.76,92198.84,92194.25,92141.62
2025-12-06,89272.38,89364.53,89448.85,89387.76
2025-12-07,90405.64,89291.89,89338.49,89272.38
2025-12-08,90640.2,90414.88,90474.43,90405.64
2025-12-09,92691.71,90653.03,90710.6,90640.2
2025-12-10,92020.95,92628.6,92764.86,92691.71
2025-12-11,92511.34,92046.45,92097.81,92020.95
2025-12-12,90270.41,92468.88,92592.55,92511.34
2025-12-13,90298.71,90281.21,90352.55,90270.41
2025-12-14,88175.18,90258.73,90380.69,90298.71
2025-12-15,86419.78,88244.51,88252.04,88175.18
2025-12-16,87843.98,86192.91,86488.33,86419.78
2025-12-17,86143.76,87672.52,87905.18,87843.98
2025-12-18,85462.51,86118.07,86195.75,86143.76
2025-12-19,88103.38,85434.13,85506.14,85462.51
2025-12-20,88344.0,88166.64,88140.84,88103.38
2025-12-21,88621.75,88345.35,88379.32,88344.0
2025-12-22,88490.02,88614.04,88658.38,88621.75
2025-12-23,87414.0,88423.46,88530.01,88490.02
2025-12-24,87611.96,87381.59,87457.31,87414.0
2025-12-25,87234.74,87543.5,87657.99,87611.96
2025-12-26,87301.43,87176.83,87282.59,87234.74
2025-12-27,87802.16,87269.06,87350.56,87301.43
2025-12-28,87835.84,87769.6,87852.62,87802.16
2025-12-29,87138.14,87864.59,87887.96,87835.84
2025-12-30,88430.13,87074.96,87191.57,87138.14
2025-12-31,87508.83,88390.98,88485.35,88430.13
2026-01-01,88731.98,87594.57,87565.69,87508.83
2026-01-02,89944.7,88696.73,88791.23,88731.98
2026-01-03,90603.19,89991.22,90007.61,89944.7
2026-01-04,91413.49,90664.97,90671.62,90603.19
2026-01-05,93882.55,91480.42,91488.91,91413.49
2026-01-06,93729.03,93951.29,93966.69,93882.55
2026-01-07,91308.05,93857.4,93823.8,93729.03
2026-01-08,91027.12,91306.07,91409.53,91308.05
2026-01-09,90513.1,91013.76,91132.4,91027.12
2026-01-10,90386.65,90542.22,90617.87,90513.1
2026-01-11,90827.46,90374.77,90488.37,90386.65
2026-01-12,91192.99,90814.13,90925.22,90827.46
2026-01-13,95321.78,91188.6,91286.74,91192.99
2026-01-14,96929.33,95353.03,95414.63,95321.78
2026-01-15,95551.19,97043.72,97026.89,96929.33
2026-01-16,95525.12,95677.58,95655.99,95551.19
2026-01-17,95099.92,95574.55,95637.04,95525.12
2026-01-18,93634.43,95097.48,95216.32,95099.92
2026-01-19,92553.59,93591.13,93750.56,93634.43
2026-01-20,88310.91,92511.36,92665.58,92553.59
2026-01-21,89376.96,88144.41,88408.11,88310.91
2026-01-22,89462.45,89143.49,89463.44,89376.96
2026-01-23,89503.88,89592.67,89536.35,89462.45
2026-01-24,89110.73,89433.88,89566.57,89503.88
2026-01-25,86572.22,88956.12,89164.03,89110.73
2026-01-26,88267.14,86468.24,86615.46,86572.22
2026-01-27,89102.57,88093.11,88303.23,88267.14
2026-01-28,89184.57,89184.69,89134.01,89102.57
2026-01-29,84561.59,89268.89,89214.75,89184.57
2026-01-30,84128.66,84472.03,84588.08,84561.59
2026-01-31,78621.12,84158.21,84151.5,84128.66
2026-02-01,76974.45,78802.55,78631.94,78621.12
2026-02-02,78688.77,77152.08,76973.64,76974.45
2026-02-03,75633.55,78572.57,78676.11,78688.77
2026-02-04,73019.7,75594.2,75609.68,75633.55
2026-02-05,62702.1,73053.51,72985.37,73019.7
2026-02-06,70555.39,62494.6,62648.57,62702.1
2026-02-07,69281.97,69413.91,70486.4,70555.39
2026-02-08,70264.73,69017.25,69210.04,69281.97
2026-02-09,70120.78,70124.33,70192.52,70264.73
2026-02-10,68793.96,69944.59,70053.86,70120.78
2026-02-11,66991.97,68698.04,68735.58,68793.96
2026-02-12,66221.84,66855.18,66941.58,66991.97
2026-02-13,68857.84,66253.64,66176.85,66221.84
2026-02-14,69767.62,68912.24,68814.61,68857.84
2026-02-15,68788.19,69772.0,69731.36,69767.62
2026-02-16,68843.16,68805.31,68763.01,68788.19
2026-02-17,67494.22,68845.48,68828.2,68843.16
2026-02-18,66425.32,67457.7,67488.68,67494.22
2026-02-19,66957.52,66482.26,66426.14,66425.32
2026-02-20,68005.42,66961.68,66962.26,66957.52
2026-02-21,68003.77,68106.68,68013.54,68005.42
2026-02-22,67659.39,68030.34,68016.53,68003.77
2026-02-23,64616.74,67661.67,67677.11,67659.39
2026-02-24,64080.04,64724.19,64636.06,64616.74
2026-02-25,67960.12,64131.1,64098.95,64080.04
2026-02-26,67453.77,68013.81,67976.99,67960.12
2026-02-27,65881.8,67478.19,67473.72,67453.77
2026-02-28,66995.86,65870.94,65905.52,65881.8
2026-03-01,65738.1,66964.94,67023.2,66995.86
2026-03-02,68775.85,65838.39,65768.37,65738.1
2026-03-03,68293.65,68749.25,68808.94,68775.85
2026-03-04,72710.58,68390.88,68332.7,68293.65
2026-03-05,70841.12,72672.85,72755.76,72710.58
2026-03-06,68136.49,70840.75,70898.75,70841.12
2026-03-07,67272.59,68091.01,68202.04,68136.49
2026-03-08,65969.78,67350.1,67341.93,67272.59
2026-03-09,68402.38,66010.95,66037.08,65969.78
2026-03-10,69926.92,68331.38,68468.2,68402.38
2026-03-11,70204.88,70018.62,69991.83,69926.92
2026-03-12,70493.46,70236.07,70271.19,70204.88
2026-03-13,70968.27,70444.66,70562.79,70493.46
2026-03-14,71214.62,70917.94,71041.47,70968.27
2026-03-15,72789.91,71294.55,71291.84,71214.62
2026-03-16,74861.09,72707.89,72872.03,72789.91
2026-03-17,73922.48,74930.77,74949.91,74861.09
2026-03-18,71245.58,73994.77,74018.35,73922.48
2026-03-19,69912.79,71253.47,71342.77,71245.58
2026-03-20,70522.59,69856.6,70007.37,69912.79
2026-03-21,68711.52,70578.3,70613.24,70522.59
2026-03-22,67845.21,68952.48,68792.52,68711.52
2026-03-23,70914.86,67714.44,67915.89,67845.21
2026-03-24,70517.86,70706.19,70978.3,70914.86
2026-03-25,71309.88,70449.21,70575.69,70517.86
2026-03-26,68791.62,71316.79,71365.5,71309.88
2026-03-27,66338.38,68884.34,68843.83,68791.62
2026-03-28,66319.7,66256.19,66384.44,66338.38
2026-03-29,65954.92,66319.41,66359.67,66319.7
2026-03-30,66691.45,65959.02,65987.57,65954.92
2026-03-31,68233.31,66749.34,66717.86,66691.45
2026-04-01,68078.55,68270.19,68255.72,68233.31
2026-04-02,66888.57,68162.88,68100.6,68078.55
2026-04-03,66931.1,66862.76,66911.66,66888.57
2026-04-04,67290.52,66901.46,66955.41,66931.1
2026-04-05,68981.9,67338.83,67316.19,67290.52
2026-04-06,68859.83,68965.11,69009.9,68981.9
2026-04-07,71940.7,68883.86,68892.63,68859.83
2026-04-08,71123.36,71941.51,71979.28,71940.7
2026-04-09,71767.83,71157.73,71172.18,71123.36
2026-04-10,72979.05,71740.07,71827.12,71767.83
2026-04-11,73054.27,72994.17,73048.71,72979.05
2026-04-12,70753.41,73084.06,73133.84,73054.27
2026-04-13,74484.64,70722.42,70837.62,70753.41
2026-04-14,74181.61,74393.44,74574.79,74484.64
2026-04-15,74805.08,74303.64,74276.85,74181.61
2026-04-16,75152.13,74776.15,74905.91,74805.08
2026-04-17,77126.88,75171.54,75257.78,75152.13
2026-04-18,75726.21,77172.47,77238.29,77126.88
2026-04-19,73856.35,75772.58,75840.46,75726.21
2026-04-20,75872.52,73810.24,73968.92,73856.35
2026-04-21,76352.77,76027.54,75985.31,75872.52
2026-04-22,78203.1,76581.61,76463.93,76352.77
2026-04-23,78268.95,78257.57,78314.73,78203.1
2026-04-24,77455.31,78331.0,78381.56,78268.95
2026-04-25,77612.02,77452.31,77567.94,77455.31
2026-04-26,78657.54,77559.97,77724.34,77612.02
2026-04-27,77366.62,78654.11,78769.66,78657.54
2026-04-28,76350.67,77436.96,77475.35,77366.62
2026-04-29,75776.13,76358.07,76454.16,76350.67
2026-04-30,76304.32,75916.77,75872.7,75776.13
2026-05-01,78179.0,76297.26,76394.13,76304.32
2026-05-02,78657.25,78258.59,78263.9,78179.0
2026-05-03,78538.23,78715.19,78739.31,78657.25
2026-05-04,79827.91,78607.47,78619.34,78538.23
2026-05-05,80927.05,80168.5,79910.26,79827.91
2026-05-06,81427.53,80993.83,81012.57,80927.05
2026-05-07,80009.99,81517.64,81517.82,81427.53
2026-05-08,80186.77,80090.18,80103.34,80009.99
2026-05-09,80664.37,80202.38,80282.37,80186.77
2026-05-10,82138.93,80814.08,80760.88,80664.37
2026-05-11,81728.3,82206.42,82236.82,82138.93
2026-05-12,80477.49,81818.08,81826.9,81728.3
2026-05-13,79277.12,80486.26,80574.77,80477.49
2026-05-14,81051.25,79215.17,79370.3,79277.12
2026-05-15,79065.68,81205.27,81141.58,81051.25
2026-05-16,78131.44,79154.56,79149.4,79065.68
2026-05-17,77429.35,78101.22,78208.19,78131.44
2026-05-18,76954.17,77268.3,77497.96,77429.35
2026-05-19,76750.91,76799.68,77014.14,76954.17
2026-05-20,77457.77,76591.26,76802.59,76750.91
2026-05-21,77539.17,77422.29,77502.79,77457.77
2026-05-22,75488.24,77607.96,77579.46,77539.17
2026-05-23,76673.37,75342.89,75523.79,75488.24
2026-05-24,76981.12,76613.46,76705.79,76673.37
2026-05-25,77279.93,77095.75,77011.87,76981.12
2026-05-26,75825.73,77250.04,77310.86,77279.93
2026-05-27,74344.7,75766.63,75857.21,75825.73
2026-05-28,73536.55,74258.24,74375.21,74344.7
2026-05-29,73372.52,73354.25,73564.44,73536.55
2026-05-30,73754.84,73430.49,73396.85,73372.52
2026-05-31,73579.69,73718.63,73775.8,73754.84
2026-06-01,71319.77,73588.76,73598.27,73579.69
2026-06-02,66703.66,71107.61,71335.32,71319.77
2026-06-03,64014.37,66650.87,66710.47,66703.66
2026-06-04,63801.57,63984.21,64010.54,64014.37
2026-06-05,60922.67,63826.64,63786.74,63801.57
2026-06-06,60867.41,60838.26,60894.92,60922.67
2026-06-07,63239.52,60764.4,60828.17,60867.41
2026-06-08,63090.59,63056.25,63188.88,63239.52
2026-06-09,61643.78,63190.41,63036.15,63090.59
2026-06-10,61449.29,61744.38,61590.61,61643.78
2026-06-11,63561.05,61420.93,61398.1,61449.29
2026-06-12,63543.2,63606.68,63511.07,63561.05
2026-06-13,64421.32,63558.49,63501.1,63543.2
2026-06-14,65710.4,64371.84,64388.55,64421.32
2026-06-15,66289.5,65739.05,65688.87,65710.4
2026-06-16,65600.64,66316.53,66282.29,66289.5
2026-06-17,64418.45,65621.07,65608.7,65600.64
2026-06-18,62896.47,64367.22,64438.75,64418.45
2026-06-19,63540.84,62839.9,62923.97,62896.47
2026-06-20,64239.68,63591.03,63572.41,63540.84
2026-06-21,63237.54,64326.94,64273.74,64239.68
2026-06-22,63952.11,63270.72,63272.89,63237.54
2026-06-23,62668.02,63927.37,63988.58,63952.11
2026-06-24,60995.13,62501.31,62704.3,62668.02
2026-06-25,59721.68,60839.4,61028.83,60995.13
2026-06-26,60016.43,59574.89,59750.55,59721.68
2026-06-27,59940.1,59878.0,60040.09,60016.43
2026-06-28,59532.34,59834.05,59958.49,59940.1
2026-06-29,60138.38,59419.84,59546.24,59532.34
2026-06-30,58558.86,59998.36,60149.12,60138.38
2026-07-01,60003.76,58504.79,58567.31,58558.86
2026-07-02,61485.3,59966.55,60010.69,60003.76
2026-07-03,62544.2,61548.67,61492.99,61485.3
2026-07-04,63088.3,62542.35,62556.5,62544.2
2026-07-05,63547.88,63120.9,63108.63,63088.3
2026-07-06,63995.02,63539.88,63577.97,63547.88
2026-07-07,63297.39,64023.97,64035.38,63995.02
2026-07-08,62257.57,63317.11,63346.91,63297.39
2026-07-09,63193.15,62229.02,62312.88,62257.57
2026-07-10,64127.14,63127.07,63252.6,63193.15
2026-07-11,63802.03,64236.3,64189.84,64127.14
2026-07-12,63758.22,63828.04,63867.22,63802.03
2026-07-13,62239.12,63711.99,63825.28,63758.22
2026-07-14,64956.11,62190.61,62304.8,62239.12
2026-07-15,64712.38,64908.22,65022.18,64956.11
2026-07-16,63789.28,64809.37,64779.11,64712.38
2026-07-17,63899.46,63743.03,63856.24,63789.28
2026-07-18,64796.6,63844.93,63966.46,63899.46
2026-07-19,64690.8,64734.5,64863.76,64796.6
2026-07-20,65230.03,64714.78,64757.91,64690.8
2026-07-21,66505.12,65184.62,65297.75,65230.03
2026-07-22,66100.8,66526.9,66574.64,66505.12
2026-07-23,65044.81,66124.44,66172.42,66100.8
2026-07-24,64098.5,65011.06,65117.05,65044.81
2026-07-25,64311.81,64069.13,64169.02,64098.5
2026-07-26,65340.3,64445.81,64379.77,64311.81
2026-07-27,63724.9,65336.95,65405.81,65340.3
2026-07-28,63871.36,63709.41,63785.89,63724.9
2026-07-29,63908.17,63883.8,63928.8,63871.36
2026-07-30,64725.31,63943.72,63961.85,63908.17
2026-07-31,62813.75,64738.94,64776.36,64725.31
2026-08-01,62763.32,62819.13,62860.83,62813.75
2026-08-02,63482.0,62739.05,62807.15,62763.32
2026-08-03,63460.9,63497.84,63522.96,63482.0
2026-08-04,64055.95,63449.32,63499.77,63460.9
2026-08-05,64597.5,64031.18,64094.13,64055.95
2026-08-06,64262.11,64625.67,64636.55,64597.5
2026-08-07,64880.19,64284.48,64303.04,64262.11
2026-08-08,64904.69,64833.15,64923.69,64880.19
2026-08-09,64844.89,64906.68,64951.11,64904.69
2026-08-10,63910.59,64819.81,64894.15,64844.89
2026-08-11,63551.88,63921.44,63961.2,63910.59
2026-08-12,63402.43,63523.73,63602.47,63551.88
2026-08-13,63402.17,63336.24,63451.78,63402.43
2026-08-14,62975.59,63391.21,63449.64,63402.17
2026-08-15,63024.32,62964.7,63020.61,62975.59
2026-08-16,62818.65,62987.54,63066.96,63024.32
2026-08-17,64506.25,62807.79,62858.96,62818.65
2026-08-18,64680.71,64468.61,64545.57,64506.25
2026-08-19,69266.19,64681.72,64721.25,64680.71
2026-08-20,73032.76,69239.4,69308.87,69266.19
2026-08-21,78335.19,73073.98,73085.28,73032.76
2026-08-22,77083.41,78416.76,78404.53,78335.19
2026-08-23,77755.27,77163.68,77184.8,77083.41
2026-08-24,78964.48,77854.75,77887.4,77755.27
2026-08-25,78564.98,79239.23,79123.66,78964.48
2026-08-26,79027.42,78753.47,78743.87,78564.98
2026-08-27,80257.54,79121.52,79220.12,79027.42
2026-08-28,77830.29,80420.55,80459.59,80257.54
2026-08-29,78245.81,78008.52,78028.11,77830.29
2026-08-30,77667.57,78340.29,78439.79,78245.81
2026-08-31,78548.63,77974.02,77851.14,77667.57
2026-09-01,77403.62,78650.38,78722.55,78548.63
2026-09-02,77300.48,77571.41,77562.74,77403.62
2026-09-03,81271.74,77410.78,77446.16,77300.48
2026-09-04,79671.97,81350.87,81410.18,81271.74
2026-09-05,79823.87,79843.43,79801.03,79671.97
2026-09-06,80350.05,79926.0,79947.48,79823.87
2026-09-07,79115.85,80545.73,80469.42,80350.05
2026-09-08,78438.58,79290.65,79228.93,79115.85
2026-09-09,78259.52,78538.94,78544.84,78438.58
2026-09-10,76568.12,78443.15,78358.4,78259.52
2026-09-11,77173.8,76538.15,76656.43,76568.12
2026-09-12,77270.47,77541.07,77253.51,77173.8
2026-09-13,76838.16,77751.89,77341.81,77270.47
2026-09-14,78163.38,77202.62,76901.94,76838.16
2026-09-15,75612.51,78498.12,78222.22,78163.38
2026-09-16,76150.32,75789.3,75665.27,75612.51
2026-09-17,76403.77,76171.44,76199.07,76150.32
2026-09-18,80901.46,76632.76,76449.0,76403.77
2026-09-19,81233.68,80910.28,80944.85,80901.46
2026-09-20,81142.61,81344.18,81283.32,81233.68
2026-09-21,86602.91,81111.23,81201.95,81142.61
2026-09-22,86172.28,86596.48,86672.11,86602.91
2026-09-23,84383.01,86256.26,86259.97,86172.28
2026-09-24,84379.06,84411.59,84487.15,84383.01
2026-09-25,84034.92,84347.55,84495.73,84379.06
2026-09-26,84406.45,84101.31,84158.57,84034.92
2026-09-27,84458.09,84361.44,84533.57,84406.45
2026-09-28,83502.61,84488.22,84585.33,84458.09
2026-09-29,83622.43,83471.65,83626.04,83502.61
2026-09-30,83553.85,83625.81,83741.11,83622.43
2026-10-01,84853.1,83473.77,83666.3,83553.85
2026-10-02,84497.21,84860.29,84960.78,84853.1
2026-10-03,84763.58,84569.31,84599.83,84497.21
2026-10-04,86480.3,84730.8,84862.5,84763.58
2026-10-05,86111.69,86487.63,86577.77,86480.3
