date,actual,har,naive7,naive30
2023-01-01,9.163,46.375,13.693,28.16
2023-01-02,9.296,46.257,13.473,27.983
2023-01-03,10.746,45.4,10.46,27.557
2023-01-04,18.772,45.725,9.642,27.69
2023-01-05,33.491,45.303,9.747,27.579
2023-01-06,41.544,45.465,9.688,27.235
2023-01-07,41.161,44.706,8.567,26.008
2023-01-08,46.031,42.642,9.163,26.101
2023-01-09,44.062,42.632,9.296,26.191
2023-01-10,48.278,43.306,10.746,26.652
2023-01-11,60.357,45.791,18.772,28.219
2023-01-12,54.721,50.354,33.491,31.267
2023-01-13,63.705,53.241,41.544,36.089
2023-01-14,57.402,53.598,41.161,38.27
2023-01-15,57.066,51.089,46.031,34.316
2023-01-16,57.075,50.989,44.062,34.382
2023-01-17,59.364,51.419,48.278,34.321
2023-01-18,52.976,54.663,60.357,34.678
2023-01-19,54.66,53.273,54.721,34.155
2023-01-20,20.654,58.402,63.705,40.719
2023-01-21,20.818,54.973,57.402,40.634
2023-01-22,29.588,54.751,57.066,40.654
2023-01-23,44.467,55.013,57.075,40.576
2023-01-24,43.998,55.748,59.364,41.233
2023-01-25,45.042,54.908,52.976,41.368
2023-01-26,46.011,54.406,54.66,40.897
2023-01-27,46.088,47.838,20.654,40.351
2023-01-28,46.306,47.923,20.818,40.567
2023-01-29,39.985,50.831,29.588,40.914
2023-01-30,27.766,54.74,44.467,44.498
2023-01-31,30.96,53.422,43.998,44.45
2023-02-01,24.589,54.191,45.042,44.629
2023-02-02,41.176,53.84,46.011,45.118
2023-02-03,40.514,53.466,46.088,45.323
2023-02-04,43.333,53.721,46.306,45.459
2023-02-05,43.04,53.344,39.985,46.421
2023-02-06,43.434,50.803,27.766,46.755
2023-02-07,42.236,52.041,30.96,46.938
2023-02-08,80.357,50.669,24.589,47.685
2023-02-09,71.911,56.325,41.176,51.979
2023-02-10,72.304,54.221,40.514,51.714
2023-02-11,72.948,54.296,43.333,49.19
2023-02-12,74.783,52.678,43.04,46.006
2023-02-13,73.748,51.834,43.434,42.445
2023-02-14,77.829,52.597,42.236,42.817
2023-02-15,44.732,66.022,80.357,52.535
2023-02-16,39.395,61.434,71.911,53.776
2023-02-17,31.105,62.17,72.304,54.288
2023-02-18,30.341,60.391,72.948,54.079
2023-02-19,34.992,60.983,74.783,48.594
2023-02-20,28.425,61.178,73.748,48.998
2023-02-21,28.451,61.946,77.829,49.406
2023-02-22,35.127,54.394,44.732,49.531
2023-02-23,34.857,53.19,39.395,49.427
2023-02-24,44.185,52.518,31.105,50.277
2023-02-25,44.22,50.921,30.341,50.26
2023-02-26,41.265,52.789,34.992,50.579
2023-02-27,41.386,50.75,28.425,50.576
2023-02-28,40.749,51.199,28.451,49.623
2023-03-01,34.888,52.596,35.127,48.117
2023-03-02,50.802,51.929,34.857,48.008
2023-03-03,45.164,56.029,44.185,50.095
2023-03-04,51.784,53.999,44.22,49.998
2023-03-05,79.607,53.045,41.265,50.032
2023-03-06,102.654,52.903,41.386,50.017
2023-03-07,101.4,53.171,40.749,49.817
2023-03-08,99.761,52.696,34.888,50.332
2023-03-09,72.861,58.76,50.802,54.13
2023-03-10,76.252,54.885,45.164,54.042
2023-03-11,87.327,56.528,51.784,52.156
2023-03-12,82.807,65.807,79.607,58.042
2023-03-13,73.385,72.981,102.654,65.463
2023-03-14,73.423,69.853,101.4,65.74
2023-03-15,78.691,69.231,99.761,66.077
2023-03-16,79.805,63.936,72.861,66.393
2023-03-17,57.112,67.502,76.252,66.501
2023-03-18,55.29,66.549,87.327,65.901
2023-03-19,48.589,66.908,82.807,65.895
2023-03-20,53.317,63.653,73.385,66.078
2023-03-21,51.755,63.835,73.423,65.893
2023-03-22,54.519,65.861,78.691,66.823
2023-03-23,48.286,66.46,79.805,67.46
2023-03-24,42.81,61.43,57.112,68.375
2023-03-25,43.016,59.718,55.29,68.2
2023-03-26,42.142,58.883,48.589,67.057
2023-03-27,35.738,60.753,53.317,68.272
2023-03-28,36.493,59.128,51.755,68.151
2023-03-29,22.405,61.547,54.519,69.121
2023-03-30,21.048,58.837,48.286,68.942
2023-03-31,16.422,57.852,42.81,68.817
2023-04-01,16.629,57.234,43.016,68.718
2023-04-02,19.444,56.907,42.142,66.026
2023-04-03,33.846,55.928,35.738,66.431
2023-04-04,34.562,56.044,36.493,66.453
2023-04-05,35.256,52.419,22.405,66.444
2023-04-06,33.203,52.302,21.048,66.314
2023-04-07,31.513,51.139,16.422,65.547
2023-04-08,33.218,50.016,16.629,60.155
2023-04-09,34.177,50.566,19.444,59.76
2023-04-10,28.568,55.49,33.846,60.848
2023-04-11,34.708,53.733,34.562,57.027
2023-04-12,52.434,51.853,35.256,49.858
2023-04-13,51.549,51.602,33.203,49.563
2023-04-14,52.8,50.843,31.513,48.956
2023-04-15,58.605,51.291,33.218,48.613
2023-04-16,57.869,49.0,34.177,38.007
2023-04-17,56.67,49.373,28.568,39.055
2023-04-18,55.015,50.828,34.708,38.294
2023-04-19,41.701,56.845,52.434,42.805
2023-04-20,46.393,54.973,51.549,43.158
2023-04-21,33.446,56.091,52.8,43.505
2023-04-22,33.671,56.414,58.605,42.052
2023-04-23,31.773,55.113,57.869,40.791
2023-04-24,47.937,54.522,56.67,40.801
2023-04-25,45.861,55.622,55.015,41.499
2023-04-26,46.366,50.928,41.701,39.936
2023-04-27,36.902,54.066,46.393,41.733
2023-04-28,41.499,48.96,33.446,39.682
2023-04-29,44.614,48.901,33.671,39.466
2023-04-30,45.637,47.808,31.773,39.126
2023-05-01,39.442,54.23,47.937,41.772
2023-05-02,34.612,52.715,45.861,42.325
2023-05-03,32.062,52.259,46.366,42.119
2023-05-04,33.936,49.755,36.902,41.955
2023-05-05,20.261,51.95,41.499,42.696
2023-05-06,20.997,52.674,44.614,43.405
2023-05-07,23.464,52.201,45.637,43.761
2023-05-08,19.883,51.794,39.442,44.816
2023-05-09,19.963,49.123,34.612,44.531
2023-05-10,23.333,47.955,32.062,41.275
2023-05-11,22.312,49.636,33.936,41.092
2023-05-12,21.702,45.784,20.261,41.109
2023-05-13,22.472,45.496,20.997,40.88
2023-05-14,24.814,46.176,23.464,40.947
2023-05-15,23.593,45.87,19.883,41.225
2023-05-16,25.745,45.596,19.963,41.211
2023-05-17,33.112,46.65,23.333,40.584
2023-05-18,31.129,46.717,22.312,39.127
2023-05-19,32.078,44.389,21.702,34.934
2023-05-20,31.55,44.94,22.472,34.529
2023-05-21,43.295,45.844,24.814,32.689
2023-05-22,45.478,44.962,23.593,31.908
2023-05-23,44.947,45.899,25.745,32.223
2023-05-24,38.29,48.471,33.112,34.198
2023-05-25,40.77,46.396,31.129,32.614
2023-05-26,41.785,46.778,32.078,32.785
2023-05-27,42.198,45.948,31.55,29.881
2023-05-28,22.055,50.489,43.295,34.137
2023-05-29,40.392,49.025,45.478,34.338
2023-05-30,63.084,48.328,44.947,34.326
2023-05-31,66.329,47.705,38.29,31.837
2023-06-01,66.106,47.811,40.77,31.181
2023-06-02,64.48,48.092,41.785,31.472
2023-06-03,66.103,47.615,42.198,31.486
2023-06-04,66.253,44.496,22.055,30.14
2023-06-05,54.331,50.913,40.392,34.022
2023-06-06,29.072,55.864,63.084,39.576
2023-06-07,27.878,55.278,66.329,40.14
2023-06-08,32.124,53.776,66.106,40.232
2023-06-09,40.611,53.226,64.48,40.232
2023-06-10,35.701,54.764,66.103,40.322
2023-06-11,36.456,54.984,66.253,40.3
2023-06-12,38.253,52.746,54.331,40.3
2023-06-13,51.305,48.183,29.072,40.236
2023-06-14,45.1,49.737,27.878,41.339
2023-06-15,49.8,49.821,32.124,41.929
2023-06-16,49.601,52.04,40.611,42.982
2023-06-17,52.402,49.914,35.701,42.48
2023-06-18,51.121,50.308,36.456,42.524
2023-06-19,54.963,51.381,38.253,42.976
2023-06-20,45.652,55.785,51.305,46.581
2023-06-21,28.521,55.278,45.1,50.565
2023-06-22,29.383,52.884,49.8,50.496
2023-06-23,21.917,54.06,49.601,49.328
2023-06-24,21.885,53.308,52.402,49.448
2023-06-25,21.79,52.834,51.121,49.481
2023-06-26,23.634,53.76,54.963,49.634
2023-06-27,24.642,52.679,45.652,47.61
2023-06-28,19.921,50.355,28.521,47.989
2023-06-29,23.344,49.966,29.383,48.067
2023-06-30,26.375,48.04,21.917,47.492
2023-07-01,26.122,48.2,21.885,47.018
2023-07-02,26.093,47.664,21.79,46.846
2023-07-03,22.486,49.046,23.634,46.921
2023-07-04,22.151,48.884,24.642,47.282
2023-07-05,21.93,47.734,19.921,43.117
2023-07-06,27.563,48.937,23.344,40.013
2023-07-07,41.127,48.983,26.375,37.951
2023-07-08,41.119,48.102,26.122,38.011
2023-07-09,41.01,47.556,26.093,38.079
2023-07-10,40.539,47.182,22.486,36.687
2023-07-11,40.292,47.039,22.151,36.683
2023-07-12,40.312,47.069,21.93,36.888
2023-07-13,25.427,49.998,27.563,38.265
2023-07-14,8.394,52.337,41.127,39.034
2023-07-15,8.554,49.8,41.119,38.891
2023-07-16,12.729,49.287,41.01,38.037
2023-07-17,25.211,49.35,40.539,38.129
2023-07-18,25.183,49.76,40.292,38.253
2023-07-19,25.534,49.187,40.312,37.864
2023-07-20,25.569,46.572,25.427,33.368
2023-07-21,25.538,43.262,8.394,26.43
2023-07-22,25.645,43.338,8.554,26.445
2023-07-23,23.419,43.661,12.729,25.048
2023-07-24,6.586,47.43,25.211,27.119
2023-07-25,12.687,45.315,25.183,27.141
2023-07-26,18.929,45.567,25.534,27.139
2023-07-27,18.658,45.576,25.569,26.641
2023-07-28,18.482,45.421,25.538,25.875
2023-07-29,18.366,45.232,25.645,25.48
2023-07-30,18.361,43.976,23.419,25.472
2023-07-31,18.837,40.974,6.586,25.407
2023-08-01,21.322,43.116,12.687,26.053
2023-08-02,16.564,44.372,18.929,25.815
2023-08-03,17.221,43.024,18.658,25.579
2023-08-04,16.887,43.186,18.482,25.47
2023-08-05,16.766,42.893,18.366,24.589
2023-08-06,17.374,41.393,18.361,23.963
2023-08-07,17.317,41.846,18.837,24.06
2023-08-08,8.383,43.545,21.322,25.131
2023-08-09,12.68,41.737,16.564,25.035
2023-08-10,51.728,41.652,17.221,24.906
2023-08-11,50.81,41.327,16.887,24.806
2023-08-12,51.067,40.809,16.766,21.12
2023-08-13,52.594,39.384,17.374,17.052
2023-08-14,51.217,39.37,17.317,17.158
2023-08-15,51.799,38.141,8.383,17.337
2023-08-16,56.58,39.619,12.68,18.098
2023-08-17,22.939,52.693,51.728,30.896
2023-08-18,15.432,48.767,50.81,31.559
2023-08-19,15.381,47.168,51.067,31.638
2023-08-20,15.312,47.188,52.594,31.627
2023-08-21,15.236,46.868,51.217,31.634
2023-08-22,45.68,46.978,51.799,31.183
2023-08-23,48.475,48.595,56.58,30.502
2023-08-24,63.025,42.362,22.939,30.54
2023-08-25,63.047,40.587,15.432,30.402
2023-08-26,63.112,40.36,15.381,30.412
2023-08-27,63.143,40.486,15.312,30.394
2023-08-28,63.245,40.283,15.236,30.381
2023-08-29,36.646,51.095,45.68,37.74
2023-08-30,36.893,48.246,48.475,38.046
2023-08-31,15.946,53.89,63.025,41.154
2023-09-01,18.698,50.355,63.047,40.874
2023-09-02,18.623,50.188,63.112,40.905
2023-09-03,18.411,49.905,63.143,40.998
2023-09-04,26.116,50.1,63.245,40.994
2023-09-05,34.032,45.423,36.646,40.981
2023-09-06,35.622,45.427,36.893,40.875
2023-09-07,34.029,43.501,15.946,40.795
2023-09-08,31.794,43.475,18.698,40.896
2023-09-09,31.895,42.442,18.623,40.92
2023-09-10,31.77,42.26,18.411,40.91
2023-09-11,19.153,45.598,26.116,41.571
2023-09-12,14.58,47.118,34.032,43.001
2023-09-13,14.579,46.519,35.622,43.437
2023-09-14,22.277,46.034,34.029,43.743
2023-09-15,22.187,44.87,31.794,43.528
2023-09-16,22.158,43.375,31.895,35.167
2023-09-17,23.897,42.706,31.77,34.162
2023-09-18,22.694,41.295,19.153,34.264
2023-09-19,15.868,41.394,14.58,34.713
2023-09-20,17.587,40.157,14.579,34.719
2023-09-21,21.714,43.142,22.277,35.548
2023-09-22,22.204,41.246,22.187,35.158
2023-09-23,22.153,41.168,22.158,34.956
2023-09-24,29.958,41.999,23.897,35.2
2023-09-25,35.048,40.905,22.694,35.197
2023-09-26,35.146,39.885,15.868,35.203
2023-09-27,35.461,40.354,17.587,35.246
2023-09-28,34.967,41.731,21.714,29.36
2023-09-29,36.479,39.977,22.204,28.901
2023-09-30,36.561,38.701,22.153,22.33
2023-10-01,24.921,43.128,29.958,25.422
2023-10-02,23.59,42.298,35.048,26.274
2023-10-03,24.048,41.208,35.146,26.34
2023-10-04,24.318,42.142,35.461,26.48
2023-10-05,23.103,42.205,34.967,27.064
2023-10-06,15.329,43.03,36.479,27.685
2023-10-07,15.13,41.317,36.561,27.08
2023-10-08,19.363,39.168,24.921,26.57
2023-10-09,41.25,40.067,23.59,27.079
2023-10-10,40.733,39.657,24.048,27.222
2023-10-11,36.32,40.651,24.318,26.388
2023-10-12,35.046,38.876,23.103,24.991
2023-10-13,38.078,37.449,15.329,24.501
2023-10-14,36.673,37.006,15.13,24.178
2023-10-15,37.787,38.125,19.363,24.452
2023-10-16,69.08,46.216,41.25,29.643
2023-10-17,65.833,41.951,40.733,29.691
2023-10-18,62.01,41.163,36.32,29.667
2023-10-19,67.521,41.905,35.046,29.483
2023-10-20,70.718,44.539,38.078,31.36
2023-10-21,70.993,41.762,36.673,30.173
2023-10-22,69.935,41.399,37.787,30.151
2023-10-23,24.729,58.193,69.08,44.508
2023-10-24,19.344,50.699,65.833,44.318
2023-10-25,21.464,49.434,62.01,44.354
2023-10-26,23.211,49.706,67.521,44.661
2023-10-27,22.86,50.034,70.718,44.997
2023-10-28,23.345,49.824,70.993,44.603
2023-10-29,22.232,50.782,69.935,44.432
2023-10-30,22.177,41.958,24.729,44.5
2023-10-31,23.168,41.21,19.344,43.281
2023-11-01,17.449,43.158,21.464,42.726
2023-11-02,21.851,42.78,23.211,43.254
2023-11-03,19.734,41.948,22.86,43.479
2023-11-04,22.512,42.32,23.345,42.798
2023-11-05,22.852,41.188,22.232,42.725
2023-11-06,27.972,41.128,22.177,42.75
2023-11-07,35.822,42.318,23.168,42.653
2023-11-08,58.511,40.766,17.449,42.011
2023-11-09,67.416,43.634,21.851,42.192
2023-11-10,66.706,41.954,19.734,40.944
2023-11-11,66.704,41.271,22.512,40.962
2023-11-12,68.878,40.693,22.852,41.151
2023-11-13,67.507,42.945,27.972,41.968
2023-11-14,73.684,45.747,35.822,43.904
2023-11-15,64.273,53.493,58.511,45.886
2023-11-16,52.407,53.933,67.416,49.72
2023-11-17,52.349,50.364,66.706,49.576
2023-11-18,52.251,49.197,66.704,49.632
2023-11-19,50.793,51.436,68.878,49.07
2023-11-20,50.95,49.254,67.507,49.105
2023-11-21,35.046,55.242,73.684,52.448
2023-11-22,17.024,51.924,64.273,43.045
2023-11-23,17.031,45.803,52.407,42.496
2023-11-24,23.711,46.541,52.349,42.289
2023-11-25,26.426,45.51,52.251,42.029
2023-11-26,23.543,45.884,50.793,42.068
2023-11-27,33.269,45.676,50.95,42.187
2023-11-28,40.269,44.249,35.046,42.264
2023-11-29,43.266,39.977,17.024,42.247
2023-11-30,45.72,40.317,17.031,42.311
2023-12-01,45.464,43.639,23.711,42.534
2023-12-02,49.965,43.479,26.426,42.481
2023-12-03,50.909,42.072,23.543,42.425
2023-12-04,63.208,47.815,33.269,45.117
2023-12-05,47.523,49.227,40.269,47.436
2023-12-06,56.818,45.269,43.266,47.657
2023-12-07,56.556,45.981,45.72,48.031
2023-12-08,55.928,47.013,45.464,48.254
2023-12-09,56.839,46.511,49.965,47.966
2023-12-10,57.626,45.262,50.909,47.826
2023-12-11,43.443,54.552,63.208,52.855
2023-12-12,44.44,46.251,47.523,52.816
2023-12-13,43.598,50.908,56.818,53.401
2023-12-14,43.634,47.039,56.556,52.138
2023-12-15,36.563,48.955,55.928,48.979
2023-12-16,37.69,46.269,56.839,45.54
2023-12-17,35.993,48.208,57.626,46.358
2023-12-18,30.85,47.644,43.443,47.194
2023-12-19,36.662,45.177,44.44,47.027
2023-12-20,31.559,48.084,43.598,48.028
2023-12-21,33.609,44.176,43.634,44.445
2023-12-22,33.49,42.634,36.563,42.352
2023-12-23,33.95,43.139,37.69,42.414
2023-12-24,32.841,44.278,35.993,43.032
2023-12-25,46.421,43.313,30.85,43.146
2023-12-26,41.214,45.592,36.662,44.191
2023-12-27,55.473,44.539,31.559,44.429
2023-12-28,57.744,44.629,33.609,45.041
2023-12-29,56.142,43.938,33.49,45.395
2023-12-30,56.585,42.703,33.95,45.324
2023-12-31,56.782,42.389,32.841,44.634
2024-01-01,67.44,49.403,46.421,46.529
2024-01-02,69.433,45.656,41.214,46.685
2024-01-03,54.041,51.159,55.473,47.18
2024-01-04,52.795,48.991,57.744,45.227
2024-01-05,81.811,45.186,56.142,45.143
2024-01-06,81.865,45.636,56.585,45.005
2024-01-07,83.16,45.274,56.782,44.456
2024-01-08,61.19,55.612,67.44,50.009
2024-01-09,64.524,50.083,69.433,50.505
2024-01-10,62.313,46.27,54.041,45.442
2024-01-11,63.99,45.543,52.795,45.565
2024-01-12,38.302,59.39,81.811,52.578
2024-01-13,38.402,49.926,81.865,52.565
2024-01-14,34.238,53.382,83.16,52.503
2024-01-15,45.528,49.7,61.19,52.781
2024-01-16,43.515,49.833,64.524,52.456
2024-01-17,45.286,48.734,62.313,51.552
2024-01-18,39.622,52.25,63.99,52.943
2024-01-19,53.921,45.564,38.302,51.72
2024-01-20,54.131,44.687,38.402,51.676
2024-01-21,54.091,43.979,34.238,51.65
2024-01-22,34.595,51.692,45.528,54.335
2024-01-23,37.754,46.421,43.515,54.27
2024-01-24,40.26,46.293,45.286,54.038
2024-01-25,38.921,45.137,39.622,53.425
2024-01-26,25.211,52.546,53.921,55.442
2024-01-27,25.88,47.884,54.131,55.143
2024-01-28,27.29,47.559,54.091,54.975
2024-01-29,14.766,47.798,34.595,55.925
2024-01-30,16.096,45.881,37.754,56.003
2024-01-31,23.673,45.969,40.26,53.827
2024-02-01,26.284,46.042,38.921,53.594
2024-02-02,34.759,42.441,25.211,50.89
2024-02-03,31.701,42.548,25.88,49.714
2024-02-04,24.715,42.484,27.29,49.805
2024-02-05,22.697,39.384,14.766,49.806
2024-02-06,28.99,40.579,16.096,49.952
2024-02-07,32.345,43.221,23.673,44.992
2024-02-08,35.501,43.02,26.284,45.361
2024-02-09,32.225,46.898,34.759,47.384
2024-02-10,36.652,43.312,31.701,47.538
2024-02-11,36.691,39.989,24.715,37.897
2024-02-12,32.694,42.369,22.697,39.263
2024-02-13,31.787,40.081,28.99,37.934
2024-02-14,15.685,45.077,32.345,39.713
2024-02-15,17.186,41.334,35.501,39.624
2024-02-16,17.527,40.883,32.225,39.222
2024-02-17,21.95,41.946,36.652,36.713
2024-02-18,20.868,41.707,36.691,36.714
2024-02-19,43.123,40.671,32.694,36.982
2024-02-20,51.448,40.812,31.787,36.808
2024-02-21,72.351,36.62,15.685,30.946
2024-02-22,76.031,37.225,17.186,31.679
2024-02-23,70.03,37.488,17.527,32.405
2024-02-24,74.508,38.958,21.95,32.267
2024-02-25,72.417,36.568,20.868,29.319
2024-02-26,79.74,46.872,43.123,33.326
2024-02-27,106.253,48.1,51.448,35.528
2024-02-28,88.627,58.307,72.351,44.897
2024-02-29,85.164,51.625,76.031,45.876
2024-03-01,85.176,50.249,70.03,45.356
2024-03-02,84.128,49.744,74.508,45.856
2024-03-03,84.17,50.003,72.417,45.768
2024-03-04,70.252,59.126,79.74,50.745
2024-03-05,35.406,63.479,106.253,58.056
2024-03-06,32.153,56.364,88.627,58.391
2024-03-07,42.247,52.948,85.164,58.373
2024-03-08,48.6,53.898,85.176,58.207
2024-03-09,66.521,51.62,84.128,58.276
2024-03-10,76.6,51.974,84.17,57.537
2024-03-11,66.465,54.606,70.252,58.563
2024-03-12,86.975,43.355,35.406,59.091
2024-03-13,117.469,44.585,32.153,58.712
2024-03-14,118.7,46.675,42.247,59.771
2024-03-15,118.559,48.581,48.6,60.428
2024-03-16,111.417,56.752,66.521,65.21
2024-03-17,112.044,56.806,76.6,66.551
2024-03-18,115.495,50.388,66.465,66.657
2024-03-19,86.733,65.004,86.975,74.604
2024-03-20,60.117,71.744,117.469,80.331
2024-03-21,50.437,64.416,118.7,81.872
2024-03-22,44.669,63.107,118.559,82.552
2024-03-23,45.961,58.781,111.417,82.323
2024-03-24,36.648,66.004,112.044,83.243
2024-03-25,31.812,65.379,115.495,83.885
2024-03-26,55.098,54.858,86.733,83.919
2024-03-27,56.592,51.408,60.117,82.705
2024-03-28,63.213,51.281,50.437,81.669
2024-03-29,63.07,48.72,44.669,76.117
2024-03-30,64.678,47.607,45.961,75.64
2024-03-31,61.675,49.837,36.648,75.753
2024-04-01,64.123,49.043,31.812,76.274
2024-04-02,47.582,59.267,55.098,79.545
2024-04-03,48.491,50.25,56.592,74.558
2024-04-04,43.334,55.444,63.213,71.615
2024-04-05,53.99,50.972,63.07,70.716
2024-04-06,62.314,52.106,64.678,70.789
2024-04-07,68.168,50.107,61.675,70.479
2024-04-08,61.325,54.482,64.123,71.339
2024-04-09,61.219,52.741,47.582,72.445
2024-04-10,57.494,50.434,48.491,71.112
2024-04-11,70.393,47.655,43.334,71.092
2024-04-12,67.233,54.576,53.99,71.998
2024-04-13,57.432,57.515,62.314,73.662
2024-04-14,52.74,55.156,68.168,73.999
2024-04-15,47.836,54.834,61.325,71.986
2024-04-16,48.905,49.952,61.219,70.026
2024-04-17,44.477,54.897,57.494,71.214
2024-04-18,37.169,55.237,70.393,65.688
2024-04-19,38.249,48.777,67.233,56.815
2024-04-20,35.123,49.172,57.432,55.838
2024-04-21,35.068,45.926,52.74,55.032
2024-04-22,26.168,49.637,47.836,55.908
2024-04-23,41.68,45.944,48.905,53.329
2024-04-24,44.103,49.177,44.477,52.437
2024-04-25,47.535,43.621,37.169,52.468
2024-04-26,71.69,45.034,38.249,52.527
2024-04-27,72.704,43.573,35.123,51.968
2024-04-28,72.534,43.236,35.068,51.88
2024-04-29,72.822,43.051,26.168,52.139
2024-04-30,61.149,51.729,41.68,53.861
2024-05-01,53.177,50.45,44.103,54.878
2024-05-02,55.601,46.46,47.535,51.299
2024-05-03,42.885,57.886,71.69,56.008
2024-05-04,39.655,50.664,72.704,54.586
2024-05-05,41.313,47.921,72.534,54.539
2024-05-06,45.511,49.658,72.822,54.315
2024-05-07,47.318,48.089,61.149,54.315
2024-05-08,69.311,47.664,53.177,52.979
2024-05-09,69.717,49.736,55.601,53.203
2024-05-10,61.472,49.171,42.885,53.719
2024-05-11,61.715,43.25,39.655,53.739
2024-05-12,64.092,44.757,41.313,52.286
2024-05-13,79.337,46.762,45.511,50.011
2024-05-14,78.402,46.561,47.318,49.323
2024-05-15,65.489,57.811,69.311,54.47
2024-05-16,65.833,48.856,69.717,54.769
2024-05-17,63.414,49.624,61.472,53.443
2024-05-18,63.479,45.388,61.715,52.127
2024-05-19,63.612,46.723,64.092,52.269
2024-05-20,27.11,59.421,79.337,58.053
2024-05-21,26.333,50.481,78.402,58.531
2024-05-22,25.483,48.583,65.489,58.025
2024-05-23,24.237,49.117,65.833,58.33
2024-05-24,24.999,47.317,63.414,57.124
2024-05-25,23.153,47.651,63.479,57.202
2024-05-26,22.331,47.746,63.612,57.188
2024-05-27,23.448,44.462,27.11,57.228
2024-05-28,26.413,44.959,26.333,57.55
2024-05-29,23.081,44.022,25.483,57.637
2024-05-30,24.154,43.548,24.237,54.391
2024-05-31,27.75,43.516,24.999,52.406
2024-06-01,27.934,41.758,23.153,52.286
2024-06-02,27.856,40.362,22.331,48.039
2024-06-03,26.28,42.863,23.448,48.026
2024-06-04,27.141,44.847,26.413,48.681
2024-06-05,29.338,41.547,23.081,48.312
2024-06-06,31.504,41.174,24.154,48.021
2024-06-07,30.081,44.067,27.75,48.121
2024-06-08,30.596,40.765,27.934,47.23
2024-06-09,31.037,40.471,27.856,45.016
2024-06-10,31.013,39.815,26.28,45.046
2024-06-11,26.008,44.947,27.141,46.72
2024-06-12,21.349,42.14,29.338,46.302
2024-06-13,17.328,43.781,31.504,46.324
2024-06-14,17.362,41.147,30.081,38.778
2024-06-15,17.294,39.778,30.596,38.375
2024-06-16,16.538,40.623,31.037,37.199
2024-06-17,32.05,39.982,31.013,37.202
2024-06-18,41.814,42.143,26.008,37.728
2024-06-19,42.012,38.49,21.349,26.03
2024-06-20,44.914,37.979,17.328,25.435
2024-06-21,45.985,39.295,17.362,25.269
2024-06-22,47.256,37.991,17.294,24.74
2024-06-23,53.087,39.348,16.538,24.968
2024-06-24,36.471,45.473,32.05,28.88
2024-06-25,34.725,43.468,41.814,30.568
2024-06-26,39.981,42.222,42.012,30.309
2024-06-27,52.803,42.079,44.914,30.598
2024-06-28,52.216,43.372,45.985,31.122
2024-06-29,57.843,41.835,47.256,30.993
2024-06-30,54.468,45.082,53.087,32.846
2024-07-01,57.783,39.788,36.471,32.837
2024-07-02,63.86,41.089,34.725,33.025
2024-07-03,61.42,44.064,39.981,33.675
2024-07-04,46.191,48.932,52.803,36.219
2024-07-05,46.198,41.99,52.216,35.851
2024-07-06,44.408,45.948,57.843,37.996
2024-07-07,25.563,48.174,54.468,39.824
2024-07-08,46.197,44.726,57.783,40.529
2024-07-09,47.38,46.512,63.86,41.632
2024-07-10,50.723,43.719,61.42,41.609
2024-07-11,49.602,42.265,46.191,40.568
2024-07-12,52.605,42.633,46.198,40.369
2024-07-13,53.399,44.288,44.408,41.075
2024-07-14,52.994,42.631,25.563,42.278
2024-07-15,35.666,50.583,46.197,48.426
2024-07-16,42.094,42.269,47.38,48.376
2024-07-17,40.711,44.279,50.723,48.634
2024-07-18,40.532,42.366,49.602,48.137
2024-07-19,35.156,48.206,52.605,50.352
2024-07-20,35.057,43.476,53.399,50.381
2024-07-21,33.647,44.233,52.994,50.383
2024-07-22,36.787,41.371,35.666,50.514
2024-07-23,32.258,44.46,42.094,50.959
2024-07-24,36.642,41.934,40.711,48.034
2024-07-25,37.497,41.581,40.532,47.377
2024-07-26,47.593,44.667,35.156,48.011
2024-07-27,46.446,40.287,35.057,47.923
2024-07-28,45.726,40.71,33.647,47.124
2024-07-29,58.412,43.267,36.787,47.9
2024-07-30,75.708,40.97,32.258,47.151
2024-07-31,75.816,43.687,36.642,48.012
2024-08-01,124.973,41.874,37.497,47.868
2024-08-02,116.854,50.616,47.593,51.693
2024-08-03,116.501,42.988,46.446,47.965
2024-08-04,115.214,47.485,45.726,50.449
2024-08-05,96.314,53.452,58.412,55.703
2024-08-06,94.592,50.217,75.708,55.393
2024-08-07,97.53,47.475,75.816,55.469
2024-08-08,41.455,67.407,124.973,68.213
2024-08-09,47.454,51.791,116.854,68.393
2024-08-10,48.525,49.942,116.501,68.323
2024-08-11,41.659,55.272,115.214,69.609
2024-08-12,42.944,49.066,96.314,69.25
2024-08-13,39.451,50.467,94.592,69.037
2024-08-14,40.786,52.36,97.53,65.703
2024-08-15,38.243,44.524,41.455,65.915
2024-08-16,53.719,45.604,47.454,66.447
2024-08-17,54.286,43.682,48.525,66.595
2024-08-18,49.902,43.616,41.659,64.804
2024-08-19,56.15,43.812,42.944,65.128
2024-08-20,72.294,41.838,39.451,64.789
2024-08-21,66.127,46.83,40.786,66.311
2024-08-22,66.173,42.554,38.243,65.956
2024-08-23,41.015,52.476,53.719,69.426
2024-08-24,40.369,42.436,54.286,69.387
2024-08-25,39.742,41.831,49.902,68.389
2024-08-26,51.569,46.227,56.15,68.781
2024-08-27,39.184,53.842,72.294,71.091
2024-08-28,40.379,44.554,66.127,70.849
2024-08-29,44.47,44.201,66.173,70.911
2024-08-30,49.905,41.323,41.015,70.524
2024-08-31,50.868,40.888,40.369,70.335
2024-09-01,51.634,45.886,39.742,67.713
2024-09-02,55.436,47.521,51.569,68.574
2024-09-03,52.455,45.936,39.184,67.639
2024-09-04,52.021,42.353,40.379,62.314
2024-09-05,45.966,46.891,44.47,62.109
2024-09-06,33.179,49.014,49.905,63.385
2024-09-07,37.316,42.051,50.868,47.912
2024-09-08,42.691,43.507,51.634,48.161
2024-09-09,39.261,48.478,55.436,50.373
2024-09-10,45.863,43.262,52.455,48.943
2024-09-11,45.843,42.226,52.021,48.794
2024-09-12,46.436,42.992,45.966,48.442
2024-09-13,39.089,46.38,33.179,49.392
2024-09-14,37.069,41.29,37.316,48.947
2024-09-15,32.719,42.534,42.691,48.589
2024-09-16,27.396,42.777,39.261,48.811
2024-09-17,19.504,47.001,45.863,50.053
2024-09-18,24.388,44.397,45.843,50.279
2024-09-19,29.847,44.213,46.436,50.613
2024-09-20,29.985,40.319,39.089,49.129
2024-09-21,30.1,39.965,37.069,48.867
2024-09-22,30.861,39.71,32.719,44.177
2024-09-23,42.393,39.384,27.396,44.205
2024-09-24,48.684,40.554,19.504,44.534
2024-09-25,47.953,41.593,24.388,44.262
2024-09-26,37.45,44.706,29.847,40.841
2024-09-27,41.949,40.448,29.985,40.697
2024-09-28,41.798,38.969,30.1,40.693
2024-09-29,44.274,39.423,30.861,40.677
2024-09-30,37.091,46.553,42.393,42.887
2024-10-01,19.607,48.002,48.684,44.137
2024-10-02,28.359,41.027,47.953,42.93
2024-10-03,28.493,39.748,37.45,41.571
2024-10-04,36.05,43.793,41.949,42.047
2024-10-05,36.906,39.842,41.798,40.23
2024-10-06,36.386,42.129,44.274,37.114
2024-10-07,49.597,41.051,37.091,37.45
2024-10-08,48.973,38.046,19.607,37.392
2024-10-09,38.845,43.29,28.359,36.572
2024-10-10,38.235,39.46,28.493,36.506
2024-10-11,34.598,45.942,36.05,38.269
2024-10-12,36.045,41.548,36.906,38.215
2024-10-13,33.375,40.286,36.386,35.694
2024-10-14,26.29,49.676,49.597,39.236
2024-10-15,24.234,43.187,48.973,38.949
2024-10-16,25.215,41.148,38.845,38.224
2024-10-17,32.362,40.05,38.235,36.665
2024-10-18,34.205,41.945,34.598,36.306
2024-10-19,34.845,39.408,36.045,35.792
2024-10-20,35.867,40.887,33.375,35.863
2024-10-21,36.617,43.096,26.29,37.068
2024-10-22,43.556,38.533,24.234,37.068
2024-10-23,40.928,41.167,25.215,37.404
2024-10-24,48.663,43.916,32.362,38.056
2024-10-25,45.293,43.486,34.205,38.374
2024-10-26,45.737,40.348,34.845,36.858
2024-10-27,45.858,41.84,35.867,37.009
2024-10-28,40.572,44.774,36.617,38.245
2024-10-29,29.923,47.383,43.556,40.34
2024-10-30,73.958,40.708,40.928,37.943
2024-10-31,67.692,45.824,48.663,36.559
2024-11-01,65.355,41.974,45.293,36.842
2024-11-02,64.585,40.571,45.737,36.922
2024-11-03,65.072,40.695,45.858,36.643
2024-11-04,76.003,41.315,40.572,37.111
2024-11-05,82.909,42.094,29.923,37.625
2024-11-06,70.07,57.629,73.958,47.241
2024-11-07,83.046,42.477,67.692,47.162
2024-11-08,83.859,43.041,65.355,45.733
2024-11-09,85.44,42.02,64.585,45.532
2024-11-10,85.481,48.549,65.072,46.579
2024-11-11,50.963,57.769,76.003,55.963
2024-11-12,51.191,45.779,82.909,56.086
2024-11-13,49.334,47.51,70.07,54.777
2024-11-14,39.728,50.049,83.046,57.243
2024-11-15,33.941,51.02,83.859,58.46
2024-11-16,36.353,45.894,85.44,58.534
2024-11-17,33.769,49.707,85.481,58.825
2024-11-18,57.465,44.436,50.963,58.719
2024-11-19,56.754,45.815,51.191,58.83
2024-11-20,63.316,45.598,49.334,57.677
2024-11-21,53.198,46.665,39.728,58.578
2024-11-22,55.518,41.457,33.941,57.867
2024-11-23,55.317,42.701,36.353,58.363
2024-11-24,55.79,41.585,33.769,57.14
2024-11-25,39.57,50.976,57.465,61.356
2024-11-26,37.336,46.414,56.754,61.868
2024-11-27,29.69,50.875,63.316,62.562
2024-11-28,35.222,44.918,53.198,61.849
2024-11-29,40.977,46.997,55.518,61.712
2024-11-30,39.47,45.848,55.317,60.501
2024-12-01,39.843,46.293,55.79,60.029
2024-12-02,49.641,45.368,39.57,60.517
2024-12-03,50.186,43.517,37.336,60.239
2024-12-04,56.917,45.802,29.69,59.848
2024-12-05,54.387,45.881,35.222,60.936
2024-12-06,49.671,46.752,40.977,55.201
2024-12-07,49.699,42.616,39.47,55.26
2024-12-08,52.911,44.954,39.843,55.276
2024-12-09,39.093,49.197,49.641,57.694
2024-12-10,36.811,45.4,50.186,56.17
2024-12-11,54.542,48.105,56.917,47.868
2024-12-12,57.069,44.051,54.387,47.972
2024-12-13,55.488,43.818,49.671,47.251
2024-12-14,55.363,41.728,49.699,44.892
2024-12-15,47.748,44.786,52.911,43.633
2024-12-16,41.884,42.339,39.093,43.667
2024-12-17,58.655,40.303,36.811,43.439
2024-12-18,42.324,49.884,54.542,48.939
2024-12-19,46.354,46.346,57.069,49.594
2024-12-20,47.207,43.392,55.488,49.091
2024-12-21,48.58,43.087,55.363,46.726
2024-12-22,47.566,44.847,47.748,47.28
2024-12-23,47.841,42.352,41.884,47.126
2024-12-24,32.829,48.421,58.655,49.383
2024-12-25,34.061,42.276,42.324,45.758
2024-12-26,31.455,46.285,46.354,47.417
2024-12-27,27.755,43.83,47.207,45.446
2024-12-28,27.606,43.258,48.58,45.601
2024-12-29,21.249,44.129,47.566,45.453
2024-12-30,25.564,43.329,47.841,45.432
2024-12-31,54.26,42.045,32.829,45.428
2025-01-01,56.772,42.344,34.061,45.35
2025-01-02,55.565,43.945,31.455,46.267
2025-01-03,58.422,42.065,27.755,45.376
2025-01-04,58.274,40.721,27.606,44.674
2025-01-05,58.18,40.195,21.249,43.031
2025-01-06,46.355,44.675,25.564,45.038
2025-01-07,36.052,48.789,54.26,48.363
2025-01-08,42.249,45.369,56.772,46.99
2025-01-09,33.746,46.258,55.565,47.838
2025-01-10,41.847,45.623,58.422,45.703
2025-01-11,41.648,43.313,58.274,45.587
2025-01-12,53.144,43.205,58.18,45.227
2025-01-13,52.579,42.357,46.355,45.233
2025-01-14,56.345,43.492,36.052,44.674
2025-01-15,56.837,46.182,42.249,46.683
2025-01-16,56.005,42.521,33.746,46.712
2025-01-17,45.085,46.29,41.847,44.909
2025-01-18,45.093,41.735,41.648,43.83
2025-01-19,40.148,45.763,53.144,45.458
2025-01-20,40.036,43.424,52.579,45.478
2025-01-21,22.166,46.946,56.345,46.522
2025-01-22,25.694,45.61,56.837,47.426
2025-01-23,26.641,42.985,56.005,45.375
2025-01-24,30.563,42.879,45.085,45.404
2025-01-25,32.023,41.653,45.093,43.339
2025-01-26,35.443,43.355,40.148,43.489
2025-01-27,47.915,42.028,40.036,43.501
2025-01-28,54.097,40.954,22.166,43.073
2025-01-29,48.704,42.765,25.694,43.414
2025-01-30,46.678,41.561,26.641,43.436
2025-01-31,46.226,43.227,30.563,44.312
2025-02-01,45.87,42.746,32.023,44.031
2025-02-02,41.259,44.465,35.443,45.141
2025-02-03,28.03,46.376,47.915,46.997
2025-02-04,17.415,46.962,54.097,48.695
2025-02-05,22.925,43.98,48.704,46.925
2025-02-06,25.353,41.726,46.678,43.32
2025-02-07,26.158,41.604,46.226,42.749
2025-02-08,26.118,41.276,45.87,41.559
2025-02-09,28.641,40.788,41.259,40.774
2025-02-10,27.373,40.894,28.03,40.888
2025-02-11,24.332,41.098,17.415,41.392
2025-02-12,18.985,42.047,22.925,42.074
2025-02-13,20.743,41.24,25.353,41.719
2025-02-14,26.506,40.343,26.158,39.276
2025-02-15,26.909,39.519,26.118,39.21
2025-02-16,24.724,39.826,28.641,35.637
2025-02-17,45.187,38.646,27.373,35.631
2025-02-18,47.87,37.888,24.332,34.013
2025-02-19,51.425,38.549,18.985,34.115
2025-02-20,46.3,38.665,20.743,31.49
2025-02-21,47.916,39.555,26.506,31.403
2025-02-22,53.189,37.665,26.909,31.446
2025-02-23,94.906,37.107,24.724,31.209
2025-02-24,110.085,44.635,45.187,35.553
2025-02-25,109.446,42.796,47.87,36.266
2025-02-26,104.313,45.979,51.425,39.64
2025-02-27,105.051,40.924,46.3,39.809
2025-02-28,109.92,40.694,47.916,38.414
2025-03-01,109.3,42.833,53.189,39.079
2025-03-02,86.37,56.233,94.906,51.421
2025-03-03,65.194,59.265,110.085,59.758
2025-03-04,79.969,51.246,109.446,59.412
2025-03-05,72.477,53.411,104.313,59.492
2025-03-06,73.862,50.067,105.051,58.404
2025-03-07,79.062,53.65,109.92,59.482
2025-03-08,79.292,50.584,109.3,59.48
2025-03-09,62.017,56.794,86.37,63.364
2025-03-10,57.25,49.771,65.194,63.708
2025-03-11,45.719,55.128,79.969,67.095
2025-03-12,57.934,49.178,72.477,67.114
2025-03-13,57.619,52.013,73.862,67.652
2025-03-14,51.873,53.034,79.062,68.474
2025-03-15,51.764,49.401,79.292,68.492
2025-03-16,51.767,49.437,62.017,68.546
2025-03-17,51.59,48.517,57.25,69.006
2025-03-18,48.658,46.825,45.719,69.039
2025-03-19,34.884,52.348,57.934,71.547
2025-03-20,22.693,50.458,57.619,72.217
2025-03-21,35.769,46.349,51.873,72.005
2025-03-22,39.073,46.397,51.764,71.571
2025-03-23,31.082,49.224,51.767,72.104
2025-03-24,26.011,48.179,51.59,72.399
2025-03-25,38.774,45.975,48.658,72.406
2025-03-26,43.891,44.59,34.884,70.276
2025-03-27,44.624,42.522,22.693,69.555
2025-03-28,39.692,47.383,35.769,68.204
2025-03-29,36.182,46.539,39.073,68.575
2025-03-30,60.747,44.011,31.082,68.571
2025-03-31,62.222,43.253,26.011,68.195
2025-04-01,57.002,46.954,38.774,60.748
2025-04-02,86.705,46.594,43.891,53.071
2025-04-03,90.162,43.965,44.624,52.905
2025-04-04,97.7,43.239,39.692,51.079
2025-04-05,99.004,42.263,36.182,51.054
2025-04-06,84.002,52.379,60.747,54.377
2025-04-07,83.96,47.096,62.222,54.66
2025-04-08,76.496,48.586,57.002,51.268
2025-04-09,52.411,57.471,86.705,57.782
2025-04-10,40.942,53.111,90.162,56.093
2025-04-11,26.995,55.418,97.7,58.396
2025-04-12,21.689,52.948,99.004,57.717
2025-04-13,15.041,50.631,84.002,56.847
2025-04-14,23.122,49.739,83.96,56.94
2025-04-15,46.056,48.945,76.496,56.559
2025-04-16,46.312,45.872,52.411,56.226
2025-04-17,47.163,45.302,40.942,56.021
2025-04-18,44.671,42.878,26.995,53.308
2025-04-19,46.024,42.343,21.689,52.22
2025-04-20,48.596,41.289,15.041,52.216
2025-04-21,47.27,45.047,23.122,53.024
2025-04-22,15.262,52.138,46.056,56.96
2025-04-23,15.272,45.114,46.312,56.739
2025-04-24,22.776,45.172,47.163,56.731
2025-04-25,22.489,45.569,44.671,56.673
2025-04-26,24.572,44.859,46.024,56.687
2025-04-27,26.982,45.666,48.596,55.405
2025-04-28,25.317,45.845,47.27,54.774
2025-04-29,28.781,42.731,15.262,54.868
2025-04-30,28.563,41.973,15.272,54.896
2025-05-01,49.855,45.191,22.776,54.505
2025-05-02,50.555,42.533,22.489,52.921
2025-05-03,48.011,43.486,24.572,53.204
2025-05-04,44.502,44.174,26.982,53.695
2025-05-05,48.276,42.611,25.317,53.618
2025-05-06,47.619,43.751,28.781,47.643
2025-05-07,48.867,41.486,28.563,47.622
2025-05-08,20.347,50.424,49.855,48.548
2025-05-09,20.332,42.214,50.555,41.769
2025-05-10,15.31,43.085,48.011,38.771
2025-05-11,27.874,41.314,44.502,36.671
2025-05-12,26.468,42.481,48.276,36.898
2025-05-13,26.086,42.307,47.619,35.822
2025-05-14,29.263,41.617,48.867,36.104
2025-05-15,29.472,38.718,20.347,35.62
2025-05-16,46.901,38.801,20.332,35.767
2025-05-17,46.428,38.468,15.31,35.908
2025-05-18,42.001,43.032,27.874,36.637
2025-05-19,40.914,40.366,26.468,37.041
2025-05-20,41.02,40.701,26.086,37.003
2025-05-21,36.521,42.694,29.263,36.971
2025-05-22,33.814,40.55,29.472,30.797
2025-05-23,22.364,45.051,46.901,34.726
2025-05-24,22.745,40.975,46.428,34.719
2025-05-25,22.001,41.247,42.001,34.78
2025-05-26,21.677,40.254,40.914,34.727
2025-05-27,21.675,40.26,41.02,34.497
2025-05-28,21.133,40.837,36.521,34.814
2025-05-29,26.561,41.905,33.814,35.635
2025-05-30,33.809,40.737,22.364,36.248
2025-05-31,34.594,39.493,22.745,35.494
2025-06-01,33.9,39.577,22.001,35.573
2025-06-02,45.359,38.587,21.677,35.243
2025-06-03,44.915,38.7,21.675,34.626
2025-06-04,46.585,39.0,21.133,34.812
2025-06-05,44.371,42.48,26.561,36.113
2025-06-06,40.573,42.755,33.809,37.213
2025-06-07,40.083,39.461,34.594,30.626
2025-06-08,40.062,37.729,33.9,30.603
2025-06-09,23.303,44.096,45.359,33.345
2025-06-10,25.587,38.84,44.915,33.248
2025-06-11,25.78,40.73,46.585,33.355
2025-06-12,19.057,42.282,44.371,34.436
2025-06-13,20.466,38.989,40.573,34.354
2025-06-14,20.973,39.522,40.083,34.429
2025-06-15,21.165,38.949,40.062,34.411
2025-06-16,41.533,39.31,23.303,34.599
2025-06-17,38.334,40.366,25.587,33.67
2025-06-18,39.07,38.105,25.78,33.582
2025-06-19,39.243,37.528,19.057,33.333
2025-06-20,36.914,38.741,20.466,32.096
2025-06-21,34.793,38.237,20.973,31.384
2025-06-22,30.71,37.566,21.165,28.632
2025-06-23,15.446,43.901,41.533,32.853
2025-06-24,18.85,38.467,38.334,32.615
2025-06-25,27.845,39.608,39.07,32.907
2025-06-26,27.598,38.502,39.243,32.902
2025-06-27,30.681,37.99,36.914,32.693
2025-06-28,30.674,37.805,34.793,31.89
2025-06-29,30.574,38.576,30.71,31.497
2025-06-30,29.878,38.059,15.446,31.766
2025-07-01,27.091,38.534,18.85,31.979
2025-07-02,22.914,41.429,27.845,33.588
2025-07-03,35.856,38.631,27.598,33.604
2025-07-04,30.262,39.842,30.681,33.966
2025-07-05,30.827,37.7,30.674,31.991
2025-07-06,30.796,38.15,30.574,30.795
2025-07-07,26.198,38.035,29.878,30.764
2025-07-08,34.852,37.618,27.091,30.816
2025-07-09,33.734,38.642,22.914,28.161
2025-07-10,20.504,42.52,35.856,31.533
2025-07-11,21.319,38.744,30.262,31.228
2025-07-12,21.314,36.751,30.827,29.548
2025-07-13,18.179,38.406,30.796,29.776
2025-07-14,17.118,37.126,26.198,29.577
2025-07-15,19.887,39.194,34.852,30.514
2025-07-16,21.243,37.925,33.734,30.42
2025-07-17,20.963,36.576,20.504,29.129
2025-07-18,19.893,37.543,21.319,29.606
2025-07-19,20.016,36.209,21.314,29.576
2025-07-20,21.245,36.655,18.179,29.128
2025-07-21,24.041,35.975,17.118,28.683
2025-07-22,16.463,38.493,19.887,28.583
2025-07-23,15.06,36.336,21.243,25.468
2025-07-24,19.341,35.508,20.963,25.589
2025-07-25,23.412,35.82,19.893,25.616
2025-07-26,22.426,35.368,20.016,25.5
2025-07-27,23.644,36.772,21.245,25.695
2025-07-28,24.792,37.092,24.041,26.329
2025-07-29,24.791,35.191,16.463,26.239
2025-07-30,26.316,35.088,15.06,25.758
2025-07-31,28.395,37.439,19.341,26.143
2025-08-01,22.458,37.907,23.412,25.673
2025-08-02,21.115,36.152,22.426,25.743
2025-08-03,24.387,37.184,23.644,25.551
2025-08-04,25.596,36.352,24.792,25.626
2025-08-05,23.63,36.461,24.791,25.728
2025-08-06,27.234,36.431,26.316,25.556
2025-08-07,43.832,38.379,28.395,26.395
2025-08-08,43.979,36.2,22.458,25.665
2025-08-09,43.931,34.306,21.115,21.367
2025-08-10,39.626,37.386,24.387,22.481
2025-08-11,40.036,35.174,25.596,22.555
2025-08-12,41.838,35.919,23.63,22.401
2025-08-13,35.7,38.22,27.234,24.069
2025-08-14,26.055,41.72,43.832,27.541
2025-08-15,42.26,37.741,43.979,27.534
2025-08-16,43.128,36.837,43.931,27.479
2025-08-17,44.218,36.035,39.626,27.225
2025-08-18,47.764,37.384,40.036,27.453
2025-08-19,46.101,40.489,41.838,29.271
2025-08-20,44.577,38.142,35.7,29.667
2025-08-21,44.414,37.962,26.055,28.997
2025-08-22,37.614,42.499,42.26,32.158
2025-08-23,38.912,39.326,43.128,32.436
2025-08-24,38.287,40.128,44.218,32.86
2025-08-25,34.133,42.302,47.764,34.302
2025-08-26,34.918,40.495,46.101,34.448
2025-08-27,34.884,39.17,44.577,34.254
2025-08-28,34.053,40.044,44.414,34.585
2025-08-29,17.167,43.333,37.614,36.774
2025-08-30,17.817,39.283,38.912,36.434
2025-08-31,17.24,39.26,38.287,35.793
2025-09-01,17.023,39.514,34.133,35.931
2025-09-02,13.013,40.661,34.918,36.098
2025-09-03,20.103,39.015,34.884,36.031
2025-09-04,18.571,39.5,34.053,36.054
2025-09-05,17.753,37.239,17.167,35.916
2025-09-06,16.887,37.431,17.817,34.989
2025-09-07,18.856,37.943,17.24,35.138
2025-09-08,19.002,37.922,17.023,35.301
2025-09-09,17.979,36.917,13.013,34.132
2025-09-10,13.962,39.665,20.103,35.104
2025-09-11,11.306,38.639,18.571,35.178
2025-09-12,14.898,37.24,17.753,33.862
2025-09-13,14.891,35.882,16.887,30.761
2025-09-14,14.714,36.248,18.856,30.679
2025-09-15,21.772,35.723,19.002,30.677
2025-09-16,17.48,37.173,17.979,30.992
2025-09-17,21.723,35.754,13.962,30.799
2025-09-18,31.199,35.327,11.306,28.889
2025-09-19,33.196,36.425,14.898,28.965
2025-09-20,33.116,34.756,14.891,28.326
2025-09-21,39.561,33.983,14.714,24.832
2025-09-22,39.431,37.016,21.772,25.642
2025-09-23,39.044,34.618,17.48,25.082
2025-09-24,47.278,34.981,21.723,23.054
2025-09-25,28.276,39.846,31.199,26.268
2025-09-26,27.45,36.117,33.196,26.326
2025-09-27,26.917,35.309,33.116,25.952
2025-09-28,26.718,37.572,39.561,23.584
2025-09-29,26.265,37.594,39.431,24.488
2025-09-30,37.828,35.483,39.044,24.42
2025-10-01,29.009,41.465,47.278,27.649
2025-10-02,30.025,37.233,28.276,27.602
2025-10-03,58.922,36.759,27.45,27.83
2025-10-04,58.325,35.206,26.917,27.502
2025-10-05,68.555,36.482,26.718,27.527
2025-10-06,67.245,36.569,26.265,27.474
2025-10-07,66.366,40.106,37.828,29.457
2025-10-08,62.905,38.088,29.009,29.734
2025-10-09,63.152,38.037,30.025,30.176
2025-10-10,42.886,50.053,58.922,39.275
2025-10-11,42.657,43.899,58.325,39.63
2025-10-12,28.76,47.397,68.555,41.974
2025-10-13,34.027,42.9,67.245,41.974
2025-10-14,34.128,45.048,66.366,42.452
2025-10-15,31.861,45.156,62.905,43.029
2025-10-16,31.743,45.618,63.152,43.432
2025-10-17,27.76,43.132,42.886,43.685
2025-10-18,27.753,42.055,42.657,43.715
2025-10-19,30.772,41.826,28.76,43.947
2025-10-20,30.254,42.82,34.027,44.473
2025-10-21,26.392,43.142,34.128,44.9
2025-10-22,34.309,41.463,31.861,44.341
2025-10-23,32.57,43.288,31.743,45.039
2025-10-24,33.193,41.476,27.76,44.95
2025-10-25,33.086,40.531,27.753,42.863
2025-10-26,25.429,43.2,30.772,43.661
2025-10-27,34.584,40.445,30.254,43.686
2025-10-28,44.104,40.899,26.392,43.209
2025-10-29,50.272,43.56,34.309,43.535
2025-10-30,51.567,42.271,32.57,43.835
2025-10-31,54.067,41.112,33.193,41.551
2025-11-01,52.96,40.108,33.086,41.036
2025-11-02,57.707,39.629,25.429,40.739
2025-11-03,53.065,44.704,34.584,42.416
2025-11-04,43.843,47.283,44.104,44.673
2025-11-05,41.182,44.98,50.272,45.454
2025-11-06,39.481,45.4,51.567,45.367
2025-11-07,49.294,45.088,54.067,45.676
2025-11-08,52.581,43.835,52.96,45.628
2025-11-09,44.487,44.209,57.707,39.934
2025-11-10,38.14,42.444,53.065,39.653
2025-11-11,42.516,43.092,43.843,38.004
2025-11-12,42.502,41.119,41.182,38.102
2025-11-13,51.227,41.72,39.481,38.135
2025-11-14,42.233,47.501,49.294,41.647
2025-11-15,37.039,42.925,52.581,41.532
2025-11-16,48.244,42.365,44.487,41.48
2025-11-17,51.135,42.739,38.14,41.762
2025-11-18,49.504,41.633,42.516,41.543
2025-11-19,58.281,42.197,42.502,40.877
2025-11-20,37.654,48.03,51.227,43.98
2025-11-21,32.986,43.277,42.233,44.131
2025-11-22,31.917,41.053,37.039,42.827
2025-11-23,30.679,44.74,48.244,44.038
2025-11-24,46.507,44.233,51.135,44.65
2025-11-25,62.558,42.955,49.504,43.05
2025-11-26,59.639,47.346,58.281,45.765
2025-11-27,61.111,42.407,37.654,46.099
2025-11-28,65.325,41.332,32.986,45.598
2025-11-29,65.317,40.836,31.917,45.502
2025-11-30,66.139,41.131,30.679,45.073
2025-12-01,53.651,47.628,46.507,46.944
2025-12-02,37.703,51.694,62.558,51.938
2025-12-03,33.339,47.788,59.639,51.685
2025-12-04,31.853,46.425,61.111,49.447
2025-12-05,28.518,48.499,65.325,49.426
2025-12-06,28.45,45.245,65.317,48.894
2025-12-07,31.847,46.561,66.139,48.485
2025-12-08,33.358,44.252,53.651,48.493
2025-12-09,30.289,44.544,37.703,48.411
2025-12-10,31.463,42.482,33.339,48.066
2025-12-11,29.048,41.955,31.853,47.389
2025-12-12,39.191,43.649,28.518,47.845
2025-12-13,39.371,41.135,28.45,47.532
2025-12-14,35.369,43.098,31.847,44.46
2025-12-15,30.982,42.887,33.358,44.568
2025-12-16,30.578,42.288,30.289,44.895
2025-12-17,26.134,42.695,31.463,44.747
2025-12-18,25.381,41.212,29.048,44.594
2025-12-19,10.509,44.846,39.191,45.785
2025-12-20,11.393,40.859,39.371,41.598
2025-12-21,10.967,40.343,35.369,41.058
2025-12-22,11.997,39.729,30.982,41.004
2025-12-23,13.916,40.667,30.578,40.355
2025-12-24,16.393,39.06,26.134,39.923
2025-12-25,18.697,39.168,25.381,39.779
2025-12-26,20.228,36.79,10.509,37.634
2025-12-27,20.329,37.384,11.393,37.559
2025-12-28,20.213,36.38,10.967,37.55
2025-12-29,21.39,37.297,11.997,37.625
2025-12-30,22.716,38.299,13.916,38.012
2025-12-31,31.674,37.211,16.393,34.532
2026-01-01,31.498,36.231,18.697,28.469
2026-01-02,30.867,36.129,20.228,27.585
2026-01-03,30.406,35.409,20.329,27.291
2026-01-04,29.793,34.408,20.213,25.258
2026-01-05,19.887,36.949,21.39,26.807
2026-01-06,40.44,34.193,22.716,26.535
2026-01-07,33.218,38.378,31.674,28.191
2026-01-08,36.443,35.449,31.498,27.05
2026-01-09,35.506,35.661,30.867,27.006
2026-01-10,36.048,35.107,30.406,26.924
2026-01-11,39.697,34.544,29.793,25.579
2026-01-12,41.346,33.435,19.887,25.614
2026-01-13,36.987,41.453,40.44,28.399
2026-01-14,34.94,36.958,33.218,27.587
2026-01-15,35.941,37.064,36.443,27.907
2026-01-16,36.058,34.852,35.506,26.75
2026-01-17,36.063,35.402,36.048,26.591
2026-01-18,38.668,36.953,39.697,25.558
2026-01-19,44.508,36.763,41.346,25.994
2026-01-20,29.731,42.021,36.987,30.994
2026-01-21,28.344,37.523,34.94,31.275
2026-01-22,47.444,36.169,35.941,30.944
2026-01-23,47.003,36.119,36.058,30.94
2026-01-24,62.901,36.611,36.063,30.942
2026-01-25,62.323,40.508,38.668,32.62
2026-01-26,63.276,40.075,44.508,33.278
2026-01-27,60.962,37.222,29.731,33.434
2026-01-28,57.68,35.926,28.344,33.295
2026-01-29,106.874,46.031,47.444,37.838
2026-01-30,157.988,39.681,47.003,37.724
2026-01-31,153.864,51.198,62.901,43.829
2026-02-01,155.528,45.187,62.323,43.747
2026-02-02,153.181,45.622,63.276,44.571
2026-02-03,152.008,47.869,60.962,45.899
2026-02-04,151.388,46.842,57.68,45.372
2026-02-05,96.274,72.378,106.874,67.572
2026-02-06,43.958,77.513,157.988,81.434
2026-02-07,43.389,65.058,153.864,81.476
2026-02-08,42.995,64.565,155.528,81.871
2026-02-09,43.084,62.505,153.181,81.864
2026-02-10,43.246,64.918,152.008,81.8
2026-02-11,40.274,65.983,151.388,81.87
2026-02-12,39.687,57.171,96.274,79.468
2026-02-13,28.142,55.971,43.958,80.857
2026-02-14,25.371,52.136,43.389,81.298
2026-02-15,23.895,51.597,42.995,81.222
2026-02-16,39.159,49.39,43.084,81.296
2026-02-17,38.108,52.597,43.246,81.341
2026-02-18,59.904,51.612,40.274,81.36
2026-02-19,60.203,50.036,39.687,80.563
2026-02-20,61.1,49.971,28.142,80.69
2026-02-21,63.026,47.048,25.371,80.675
2026-02-22,64.206,47.007,23.895,80.615
2026-02-23,61.724,56.193,39.159,81.596
2026-02-24,61.509,49.13,38.108,81.334
2026-02-25,63.45,61.077,59.904,84.237
2026-02-26,67.769,51.647,60.203,83.985
2026-02-27,72.708,54.699,61.1,84.045
2026-02-28,72.879,53.442,63.026,83.064
2026-03-01,72.979,54.56,64.206,83.149
2026-03-02,69.862,58.443,61.724,82.303
2026-03-03,71.416,52.134,61.509,82.089
2026-03-04,51.596,62.053,63.45,84.887
2026-03-05,48.626,56.286,67.769,84.273
2026-03-06,36.443,58.861,72.708,84.468
2026-03-07,33.145,50.096,72.879,65.069
2026-03-08,24.451,47.626,72.979,50.313
2026-03-09,20.315,50.569,69.862,51.7
2026-03-10,25.556,48.395,71.416,52.055
2026-03-11,41.481,43.929,51.596,52.07
2026-03-12,44.048,43.618,48.626,51.623
2026-03-13,44.285,42.93,36.443,50.7
2026-03-14,47.517,42.084,33.145,50.467
2026-03-15,41.782,43.493,24.451,49.241
2026-03-16,51.316,44.33,20.315,49.942
2026-03-17,51.159,42.219,25.556,49.881
2026-03-18,45.373,47.92,41.481,51.731
2026-03-19,51.044,45.176,44.048,51.686
2026-03-20,55.312,43.454,44.285,51.371
2026-03-21,53.514,46.754,47.517,52.234
2026-03-22,53.141,43.807,41.782,52.164
2026-03-23,38.072,49.67,51.316,54.408
2026-03-24,44.514,43.99,51.159,54.416
2026-03-25,42.616,43.764,45.373,51.737
2026-03-26,36.571,48.204,51.044,53.389
2026-03-27,24.435,48.048,55.312,50.99
2026-03-28,24.555,42.609,53.514,50.933
2026-03-29,28.333,43.406,53.141,50.292
2026-03-30,28.559,42.851,38.072,50.093
2026-03-31,38.845,45.185,44.514,50.241
2026-04-01,40.769,41.415,42.616,47.679
2026-04-02,35.469,43.216,36.571,48.009
2026-04-03,34.765,38.352,24.435,42.233
2026-04-04,35.429,38.887,24.555,41.467
2026-04-05,45.105,41.722,28.333,40.209
2026-04-06,56.208,38.262,28.559,39.938
2026-04-07,49.578,45.863,38.845,41.938
2026-04-08,47.766,40.917,40.769,40.439
2026-04-09,47.77,39.951,35.469,39.849
2026-04-10,49.394,41.111,34.765,40.222
2026-04-11,52.886,38.837,35.429,40.209
2026-04-12,50.062,44.599,45.105,41.777
2026-04-13,38.357,49.303,56.208,45.473
2026-04-14,37.983,41.395,49.578,44.906
2026-04-15,40.616,41.681,47.766,43.907
2026-04-16,40.805,41.075,47.77,43.696
2026-04-17,38.265,44.212,49.394,42.397
2026-04-18,34.804,43.389,52.886,42.362
2026-04-19,25.452,44.437,50.062,43.377
2026-04-20,26.169,43.545,38.357,43.074
2026-04-21,28.283,40.332,37.983,42.694
2026-04-22,19.987,42.881,40.616,40.828
2026-04-23,21.415,39.4,40.805,40.713
2026-04-24,28.27,40.637,38.265,40.897
2026-04-25,28.484,38.566,34.804,38.445
2026-04-26,26.817,38.81,25.452,35.692
2026-04-27,25.078,39.508,26.169,36.476
2026-04-28,20.667,39.283,28.283,36.856
2026-04-29,16.136,37.666,19.987,37.033
2026-04-30,25.939,37.597,21.415,36.439
2026-05-01,21.377,40.986,28.27,37.06
2026-05-02,21.366,38.099,28.484,36.181
2026-05-03,23.137,36.86,26.817,36.224
2026-05-04,22.71,38.999,25.078,36.425
2026-05-05,24.333,38.042,20.667,35.892
2026-05-06,25.432,36.397,16.136,35.801
2026-05-07,28.37,38.822,25.939,33.91
2026-05-08,34.255,35.901,21.377,33.484
2026-05-09,34.157,36.469,21.366,33.443
2026-05-10,28.321,38.186,23.137,33.513
2026-05-11,28.249,36.192,22.71,33.645
2026-05-12,27.876,37.613,24.333,31.879
2026-05-13,28.971,36.904,25.432,27.668
2026-05-14,20.453,38.437,28.37,28.434
2026-05-15,21.574,39.767,34.255,29.952
2026-05-16,26.126,37.88,34.157,30.311
2026-05-17,25.898,36.339,28.321,29.165
2026-05-18,25.654,35.782,28.249,28.497
2026-05-19,29.363,34.948,27.876,27.003
2026-05-20,30.238,35.788,28.971,25.551
2026-05-21,29.806,33.601,20.453,25.471
2026-05-22,25.064,37.628,21.574,25.745
2026-05-23,20.889,36.577,26.126,26.395
2026-05-24,19.582,34.418,25.898,26.203
2026-05-25,24.166,34.374,25.654,26.231
2026-05-26,47.12,37.2,29.363,26.559
2026-05-27,49.965,37.464,30.238,26.812
2026-05-28,51.217,36.039,29.806,26.696
2026-05-29,51.621,34.122,25.064,26.602
2026-05-30,49.48,34.07,20.889,26.543
2026-05-31,67.426,32.958,19.582,24.91
2026-06-01,68.15,38.182,24.166,26.711
2026-06-02,54.895,47.84,47.12,34.714
2026-06-03,48.835,44.562,49.965,35.948
2026-06-04,56.716,38.865,51.217,35.177
2026-06-05,42.035,45.774,51.621,37.216
2026-06-06,41.897,38.748,49.48,37.225
2026-06-07,35.456,47.043,67.426,40.574
2026-06-08,34.867,41.651,68.15,40.32
2026-06-09,28.825,43.239,54.895,39.494
2026-06-10,34.188,39.595,48.835,39.526
2026-06-11,31.718,45.627,56.716,42.234
2026-06-12,32.844,39.05,42.035,42.232
2026-06-13,32.191,40.922,41.897,41.59
2026-06-14,28.647,41.642,35.456,42.182
2026-06-15,29.437,39.94,34.867,42.444
2026-06-16,31.315,39.619,28.825,42.462
2026-06-17,33.874,41.378,34.188,42.691
2026-06-18,33.113,42.116,31.718,43.128
2026-06-19,31.594,40.121,32.844,43.176
2026-06-20,28.148,40.249,32.191,43.533
2026-06-21,27.758,40.526,28.647,43.044
2026-06-22,27.283,39.858,29.437,42.797
2026-06-23,29.221,41.438,31.315,42.918
2026-06-24,33.858,42.791,33.874,43.299
2026-06-25,34.455,41.829,33.113,43.373
2026-06-26,35.714,39.223,31.594,43.383
2026-06-27,35.218,38.356,28.148,43.408
2026-06-28,33.189,38.955,27.758,43.376
2026-06-29,33.219,39.465,27.283,43.584
2026-06-30,23.563,42.297,29.221,44.091
2026-07-01,27.726,42.504,33.858,44.608
2026-07-02,24.394,41.508,34.455,39.982
2026-07-03,23.656,40.061,35.714,38.048
2026-07-04,23.937,38.75,35.218,38.177
2026-07-05,23.479,37.179,33.189,34.479
2026-07-06,28.439,37.155,33.219,34.523
2026-07-07,43.075,36.311,23.563,32.149
2026-07-08,40.315,37.677,27.726,32.659
2026-07-09,41.687,36.964,24.394,32.016
2026-07-10,40.19,36.936,23.656,32.339
2026-07-11,41.208,34.978,23.937,30.215
2026-07-12,41.254,34.033,23.479,30.216
2026-07-13,34.885,38.329,28.439,30.945
2026-07-14,21.852,43.278,43.075,33.799
2026-07-15,22.375,36.896,40.315,33.654
2026-07-16,23.216,38.722,41.687,33.823
2026-07-17,26.457,36.47,40.19,33.253
2026-07-18,24.174,38.288,41.208,32.478
2026-07-19,27.058,36.257,41.254,32.318
2026-07-20,32.137,36.731,34.885,32.225
2026-07-21,26.71,37.355,21.852,32.324
2026-07-22,27.093,35.242,22.375,32.244
2026-07-23,27.771,36.858,23.216,31.926
2026-07-24,33.967,36.652,26.457,30.817
2026-07-25,33.637,34.347,24.174,29.705
2026-07-26,32.194,36.57,27.058,30.061
2026-07-27,26.947,38.853,32.137,31.574
2026-07-28,27.869,34.725,26.71,31.412
2026-07-29,28.466,34.455,27.093,31.29
2026-07-30,27.095,36.047,27.771,29.727
2026-07-31,12.514,39.631,33.967,30.908
2026-08-01,12.228,34.692,33.637,29.791
2026-08-02,11.392,35.889,32.194,29.461
2026-08-03,17.109,33.726,26.947,29.314
2026-08-04,16.06,35.134,27.869,29.386
2026-08-05,13.903,35.074,28.466,29.431
2026-08-06,13.833,34.421,27.095,29.221
2026-08-07,10.097,33.445,12.514,28.717
2026-08-08,10.211,31.99,12.228,28.299
2026-08-09,9.888,31.587,11.392,27.863
2026-08-10,21.847,34.089,17.109,28.286
2026-08-11,21.047,32.809,16.06,28.355
2026-08-12,51.386,31.832,13.903,27.021
2026-08-13,57.344,30.39,13.833,22.345
2026-08-14,62.027,30.933,10.097,22.419
2026-08-15,67.974,30.017,10.211,21.891
2026-08-16,65.032,29.456,9.888,21.899
2026-08-17,65.929,34.318,21.847,23.339
2026-08-18,68.013,31.055,21.047,23.353
2026-08-19,59.739,45.895,51.386,33.347
2026-08-20,52.396,45.534,57.344,37.365
2026-08-21,33.172,50.008,62.027,43.881
2026-08-22,30.723,43.512,67.974,43.881
2026-08-23,30.837,42.108,65.032,43.272
2026-08-24,29.684,43.143,65.929,43.368
2026-08-25,31.302,42.022,68.013,43.435
2026-08-26,30.607,40.796,59.739,41.955
2026-08-27,48.448,41.203,52.396,42.013
2026-08-28,44.498,41.374,33.172,44.041
2026-08-29,44.474,37.661,30.723,43.987
2026-08-30,43.648,37.773,30.837,42.316
2026-08-31,45.489,38.152,29.684,42.242
2026-09-01,44.409,38.951,31.302,42.912
2026-09-02,44.457,37.046,30.607,42.934
2026-09-03,21.08,46.364,48.448,45.539
2026-09-04,21.503,41.986,44.498,46.56
2026-09-05,21.388,39.485,44.474,46.391
2026-09-06,19.2,39.886,43.648,46.384
2026-09-07,23.697,41.497,45.489,47.0
2026-09-08,32.894,40.443,44.409,47.23
2026-09-09,34.082,39.44,44.457,46.741
2026-09-10,30.697,39.833,21.08,47.616
2026-09-11,51.98,37.862,21.503,47.518
2026-09-12,51.838,36.897,21.388,47.498
2026-09-13,51.264,37.284,19.2,47.459
2026-09-14,66.142,39.414,23.697,47.547
2026-09-15,56.113,43.102,32.894,49.48
2026-09-16,62.891,39.433,34.082,48.936
2026-09-17,63.306,38.532,30.697,48.932
2026-09-18,52.523,48.086,51.98,47.232
2026-09-19,52.519,39.874,51.838,43.974
2026-09-20,52.402,37.784,51.264,36.85
2026-09-21,16.384,49.842,66.142,42.514
2026-09-22,17.078,40.13,56.113,42.587
2026-09-23,9.704,43.278,62.891,43.185
2026-09-24,15.644,40.281,63.306,43.113
2026-09-25,15.667,39.754,52.523,43.152
2026-09-26,15.514,39.743,52.519,42.891
2026-09-27,20.927,38.911,52.402,41.275
2026-09-28,18.349,36.99,16.384,41.553
